file	beg	end	text
Dworkin-Craig_Complete-Reading_Segue-Series_12-14-2013	0.0	1.26	144.
Dworkin-Craig_Complete-Reading_Segue-Series_12-14-2013	1.26	2.14	Permanence.
Dworkin-Craig_Complete-Reading_Segue-Series_12-14-2013	2.14	2.56	Absence
Dworkin-Craig_Complete-Reading_Segue-Series_12-14-2013	2.56	2.73	of
Dworkin-Craig_Complete-Reading_Segue-Series_12-14-2013	2.73	3.05	change.
Dworkin-Craig_Complete-Reading_Segue-Series_12-14-2013	3.05	3.28	Noun.
Dworkin-Craig_Complete-Reading_Segue-Series_12-14-2013	3.28	3.98	Permanence.
Dworkin-Craig_Complete-Reading_Segue-Series_12-14-2013	3.98	4.52	Permanency.
Dworkin-Craig_Complete-Reading_Segue-Series_12-14-2013	4.52	4.62	No
Dworkin-Craig_Complete-Reading_Segue-Series_12-14-2013	4.62	5.1	change.
Dworkin-Craig_Complete-Reading_Segue-Series_12-14-2013	5.1	5.48	Status
Dworkin-Craig_Complete-Reading_Segue-Series_12-14-2013	5.48	5.68	quo.
Dworkin-Craig_Complete-Reading_Segue-Series_12-14-2013	5.68	6.42	Invariability.
Dworkin-Craig_Complete-Reading_Segue-Series_12-14-2013	6.42	7.21	Unchangeability.
Dworkin-Craig_Complete-Reading_Segue-Series_12-14-2013	7.21	7.9	Immutability.
Dworkin-Craig_Complete-Reading_Segue-Series_12-14-2013	7.9	8.8	153.
Dworkin-Craig_Complete-Reading_Segue-Series_12-14-2013	8.8	9.74	Stability.
Dworkin-Craig_Complete-Reading_Segue-Series_12-14-2013	9.74	10.25	Lasting
Dworkin-Craig_Complete-Reading_Segue-Series_12-14-2013	10.25	10.76	quality.
Dworkin-Craig_Complete-Reading_Segue-Series_12-14-2013	10.76	11.6	Persistence.
Dworkin-Craig_Complete-Reading_Segue-Series_12-14-2013	11.6	12.38	600.
Dworkin-Craig_Complete-Reading_Segue-Series_12-14-2013	12.38	12.78	Noun.
Dworkin-Craig_Complete-Reading_Segue-Series_12-14-2013	12.78	13.42	600.
Dworkin-Craig_Complete-Reading_Segue-Series_12-14-2013	13.42	14.22	Perseverance.
Dworkin-Craig_Complete-Reading_Segue-Series_12-14-2013	14.22	14.58	Noun.
Dworkin-Craig_Complete-Reading_Segue-Series_12-14-2013	14.58	15.37	Perseverance.
Dworkin-Craig_Complete-Reading_Segue-Series_12-14-2013	15.37	16.14	Persistence.
Dworkin-Craig_Complete-Reading_Segue-Series_12-14-2013	16.14	16.74	Tenacity.
Dworkin-Craig_Complete-Reading_Segue-Series_12-14-2013	16.74	17.51	Pertinacity.
Dworkin-Craig_Complete-Reading_Segue-Series_12-14-2013	17.51	18.62	Pertinaciousness.
Dworkin-Craig_Complete-Reading_Segue-Series_12-14-2013	18.62	19.52	Stubbornness.
Dworkin-Craig_Complete-Reading_Segue-Series_12-14-2013	19.52	20.61	602.
Dworkin-Craig_Complete-Reading_Segue-Series_12-14-2013	20.61	21.32	Noun.
Dworkin-Craig_Complete-Reading_Segue-Series_12-14-2013	23.13	23.58	602.
Dworkin-Craig_Complete-Reading_Segue-Series_12-14-2013	23.58	24.25	Obstinacy.
Dworkin-Craig_Complete-Reading_Segue-Series_12-14-2013	24.25	24.64	Noun.
Dworkin-Craig_Complete-Reading_Segue-Series_12-14-2013	24.64	25.31	Obstinacy.
Dworkin-Craig_Complete-Reading_Segue-Series_12-14-2013	25.31	26.04	Unyielding.
Dworkin-Craig_Complete-Reading_Segue-Series_12-14-2013	26.04	26.66	Tempered.
Dworkin-Craig_Complete-Reading_Segue-Series_12-14-2013	26.66	27.45	Termination.
Dworkin-Craig_Complete-Reading_Segue-Series_12-14-2013	27.45	27.86	Will.
Dworkin-Craig_Complete-Reading_Segue-Series_12-14-2013	27.86	28.56	599.
Dworkin-Craig_Complete-Reading_Segue-Series_12-14-2013	28.56	28.93	Noun.
Dworkin-Craig_Complete-Reading_Segue-Series_12-14-2013	28.93	29.61	599.
Dworkin-Craig_Complete-Reading_Segue-Series_12-14-2013	29.61	30.4	Resolution.
Dworkin-Craig_Complete-Reading_Segue-Series_12-14-2013	30.4	30.74	Noun.
Dworkin-Craig_Complete-Reading_Segue-Series_12-14-2013	30.74	31.59	Resolution.
Dworkin-Craig_Complete-Reading_Segue-Series_12-14-2013	31.59	31.92	Sticking
Dworkin-Craig_Complete-Reading_Segue-Series_12-14-2013	31.92	32.39	point.
Dworkin-Craig_Complete-Reading_Segue-Series_12-14-2013	32.39	33.46	Resoluteness.
Dworkin-Craig_Complete-Reading_Segue-Series_12-14-2013	33.46	34.16	Determination.
Dworkin-Craig_Complete-Reading_Segue-Series_12-14-2013	34.16	34.4	Grim
Dworkin-Craig_Complete-Reading_Segue-Series_12-14-2013	34.4	35.06	determination.
Dworkin-Craig_Complete-Reading_Segue-Series_12-14-2013	35.06	35.68	Zeal.
Dworkin-Craig_Complete-Reading_Segue-Series_12-14-2013	35.68	36.44	Earnestness.
Dworkin-Craig_Complete-Reading_Segue-Series_12-14-2013	36.44	37.2	Seriousness.
Dworkin-Craig_Complete-Reading_Segue-Series_12-14-2013	37.2	37.87	Resolve.
Dworkin-Craig_Complete-Reading_Segue-Series_12-14-2013	37.87	38.01	Fixed
Dworkin-Craig_Complete-Reading_Segue-Series_12-14-2013	38.01	38.55	resolve.
Dworkin-Craig_Complete-Reading_Segue-Series_12-14-2013	38.55	38.77	Mind
Dworkin-Craig_Complete-Reading_Segue-Series_12-14-2013	38.77	38.98	made
Dworkin-Craig_Complete-Reading_Segue-Series_12-14-2013	38.98	39.26	up.
Dworkin-Craig_Complete-Reading_Segue-Series_12-14-2013	39.26	39.95	Decision.
Dworkin-Craig_Complete-Reading_Segue-Series_12-14-2013	39.95	41.17	608.
Dworkin-Craig_Complete-Reading_Segue-Series_12-14-2013	41.17	41.74	Noun.
Dworkin-Craig_Complete-Reading_Segue-Series_12-14-2013	41.74	42.79	608.
Dworkin-Craig_Complete-Reading_Segue-Series_12-14-2013	42.79	44.25	Predetermination.
Dworkin-Craig_Complete-Reading_Segue-Series_12-14-2013	44.25	44.42	Noun.
Dworkin-Craig_Complete-Reading_Segue-Series_12-14-2013	44.58	45.59	Predetermination.
Dworkin-Craig_Complete-Reading_Segue-Series_12-14-2013	45.59	46.48	Predestination.
Dworkin-Craig_Complete-Reading_Segue-Series_12-14-2013	46.48	47.18	596.
Dworkin-Craig_Complete-Reading_Segue-Series_12-14-2013	47.18	47.55	Noun.
Dworkin-Craig_Complete-Reading_Segue-Series_12-14-2013	47.55	48.14	596.
Dworkin-Craig_Complete-Reading_Segue-Series_12-14-2013	48.14	48.77	Necessity.
Dworkin-Craig_Complete-Reading_Segue-Series_12-14-2013	48.77	49.2	Noun.
Dworkin-Craig_Complete-Reading_Segue-Series_12-14-2013	49.2	49.77	Necessity.
Dworkin-Craig_Complete-Reading_Segue-Series_12-14-2013	49.77	49.98	Hard
Dworkin-Craig_Complete-Reading_Segue-Series_12-14-2013	49.98	50.75	necessity.
Dworkin-Craig_Complete-Reading_Segue-Series_12-14-2013	50.75	51.05	Stern
Dworkin-Craig_Complete-Reading_Segue-Series_12-14-2013	51.05	51.58	necessity.
Dworkin-Craig_Complete-Reading_Segue-Series_12-14-2013	51.58	52.04	Compelling
Dworkin-Craig_Complete-Reading_Segue-Series_12-14-2013	52.04	52.41	necessity.
Dworkin-Craig_Complete-Reading_Segue-Series_12-14-2013	52.41	52.74	No
Dworkin-Craig_Complete-Reading_Segue-Series_12-14-2013	52.74	53.16	alternative.
Dworkin-Craig_Complete-Reading_Segue-Series_12-14-2013	53.16	53.3	No
Dworkin-Craig_Complete-Reading_Segue-Series_12-14-2013	53.3	53.99	escape.
Dworkin-Craig_Complete-Reading_Segue-Series_12-14-2013	53.99	54.03	No
Dworkin-Craig_Complete-Reading_Segue-Series_12-14-2013	54.03	54.6	option.
Dworkin-Craig_Complete-Reading_Segue-Series_12-14-2013	54.6	55.13	Hobson's
Dworkin-Craig_Complete-Reading_Segue-Series_12-14-2013	55.13	55.72	choice.
Dworkin-Craig_Complete-Reading_Segue-Series_12-14-2013	55.72	56.52	606.
Dworkin-Craig_Complete-Reading_Segue-Series_12-14-2013	56.52	56.98	Noun.
Dworkin-Craig_Complete-Reading_Segue-Series_12-14-2013	56.98	57.78	606.
Dworkin-Craig_Complete-Reading_Segue-Series_12-14-2013	57.78	58.24	Absence
Dworkin-Craig_Complete-Reading_Segue-Series_12-14-2013	58.24	58.68	of
Dworkin-Craig_Complete-Reading_Segue-Series_12-14-2013	58.68	58.98	choice.
Dworkin-Craig_Complete-Reading_Segue-Series_12-14-2013	58.98	59.43	Noun.
Dworkin-Craig_Complete-Reading_Segue-Series_12-14-2013	59.43	59.72	No
Dworkin-Craig_Complete-Reading_Segue-Series_12-14-2013	59.72	60.21	choice.
Dworkin-Craig_Complete-Reading_Segue-Series_12-14-2013	60.21	61.28	Choicelessness.
Dworkin-Craig_Complete-Reading_Segue-Series_12-14-2013	61.28	61.41	No
Dworkin-Craig_Complete-Reading_Segue-Series_12-14-2013	61.41	62.34	alternative.
Dworkin-Craig_Complete-Reading_Segue-Series_12-14-2013	62.34	63.21	Dictation.
Dworkin-Craig_Complete-Reading_Segue-Series_12-14-2013	63.21	63.96	596.
Dworkin-Craig_Complete-Reading_Segue-Series_12-14-2013	63.96	64.54	Noun.
Dworkin-Craig_Complete-Reading_Segue-Series_12-14-2013	64.54	65.22	Necessity.
Dworkin-Craig_Complete-Reading_Segue-Series_12-14-2013	65.22	65.64	Dictated
Dworkin-Craig_Complete-Reading_Segue-Series_12-14-2013	65.64	66.14	choice.
Dworkin-Craig_Complete-Reading_Segue-Series_12-14-2013	66.36	66.88	Hobson's
Dworkin-Craig_Complete-Reading_Segue-Series_12-14-2013	66.88	67.63	choice.
Dworkin-Craig_Complete-Reading_Segue-Series_12-14-2013	67.63	68.29	740.
Dworkin-Craig_Complete-Reading_Segue-Series_12-14-2013	68.29	68.67	Noun.
Dworkin-Craig_Complete-Reading_Segue-Series_12-14-2013	68.67	69.44	740.
Dworkin-Craig_Complete-Reading_Segue-Series_12-14-2013	69.44	70.28	Compulsion.
Dworkin-Craig_Complete-Reading_Segue-Series_12-14-2013	70.28	70.72	Noun.
Dworkin-Craig_Complete-Reading_Segue-Series_12-14-2013	70.72	71.68	Compulsion.
Dworkin-Craig_Complete-Reading_Segue-Series_12-14-2013	71.68	72.02	Spur
Dworkin-Craig_Complete-Reading_Segue-Series_12-14-2013	72.02	72.07	of
Dworkin-Craig_Complete-Reading_Segue-Series_12-14-2013	72.07	72.9	necessity.
Dworkin-Craig_Complete-Reading_Segue-Series_12-14-2013	72.9	73.54	596.
Dworkin-Craig_Complete-Reading_Segue-Series_12-14-2013	73.54	73.91	Noun.
Dworkin-Craig_Complete-Reading_Segue-Series_12-14-2013	73.91	74.74	Necessity.
Dworkin-Craig_Complete-Reading_Segue-Series_12-14-2013	74.74	75.22	Law
Dworkin-Craig_Complete-Reading_Segue-Series_12-14-2013	75.22	75.38	of
Dworkin-Craig_Complete-Reading_Segue-Series_12-14-2013	75.38	75.7	nature.
Dworkin-Craig_Complete-Reading_Segue-Series_12-14-2013	75.7	77.34	953.
Dworkin-Craig_Complete-Reading_Segue-Series_12-14-2013	77.34	77.89	There's
Dworkin-Craig_Complete-Reading_Segue-Series_12-14-2013	77.89	78.38	10
Dworkin-Craig_Complete-Reading_Segue-Series_12-14-2013	78.38	78.77	pages
Dworkin-Craig_Complete-Reading_Segue-Series_12-14-2013	78.77	79.1	of
Dworkin-Craig_Complete-Reading_Segue-Series_12-14-2013	79.1	79.48	reading
Dworkin-Craig_Complete-Reading_Segue-Series_12-14-2013	79.48	80.03	Roger's
Dworkin-Craig_Complete-Reading_Segue-Series_12-14-2013	80.03	81.02	thesaurus.
Dworkin-Craig_Complete-Reading_Segue-Series_12-14-2013	91.76	91.91	All
Dworkin-Craig_Complete-Reading_Segue-Series_12-14-2013	91.91	92.24	right.
Dworkin-Craig_Complete-Reading_Segue-Series_12-14-2013	92.24	92.54	This
Dworkin-Craig_Complete-Reading_Segue-Series_12-14-2013	92.54	92.69	is
Dworkin-Craig_Complete-Reading_Segue-Series_12-14-2013	92.69	92.99	from
Dworkin-Craig_Complete-Reading_Segue-Series_12-14-2013	92.99	93.21	the
Dworkin-Craig_Complete-Reading_Segue-Series_12-14-2013	93.21	93.68	end.
Dworkin-Craig_Complete-Reading_Segue-Series_12-14-2013	93.68	94.13	Since
Dworkin-Craig_Complete-Reading_Segue-Series_12-14-2013	94.13	94.4	I'm
Dworkin-Craig_Complete-Reading_Segue-Series_12-14-2013	94.4	95.13	writing
Dworkin-Craig_Complete-Reading_Segue-Series_12-14-2013	95.13	95.22	in
Dworkin-Craig_Complete-Reading_Segue-Series_12-14-2013	95.22	96.06	reverse,
Dworkin-Craig_Complete-Reading_Segue-Series_12-14-2013	96.06	96.11	I
Dworkin-Craig_Complete-Reading_Segue-Series_12-14-2013	96.11	96.32	get
Dworkin-Craig_Complete-Reading_Segue-Series_12-14-2013	96.32	96.37	to
Dworkin-Craig_Complete-Reading_Segue-Series_12-14-2013	96.37	96.58	read
Dworkin-Craig_Complete-Reading_Segue-Series_12-14-2013	96.58	96.74	the
Dworkin-Craig_Complete-Reading_Segue-Series_12-14-2013	96.74	96.92	end
Dworkin-Craig_Complete-Reading_Segue-Series_12-14-2013	96.92	97.03	of
Dworkin-Craig_Complete-Reading_Segue-Series_12-14-2013	97.03	97.14	what
Dworkin-Craig_Complete-Reading_Segue-Series_12-14-2013	97.14	97.25	is
Dworkin-Craig_Complete-Reading_Segue-Series_12-14-2013	97.25	97.3	a
Dworkin-Craig_Complete-Reading_Segue-Series_12-14-2013	97.3	97.53	work
Dworkin-Craig_Complete-Reading_Segue-Series_12-14-2013	97.53	97.65	in
Dworkin-Craig_Complete-Reading_Segue-Series_12-14-2013	97.65	98.32	progress.
Dworkin-Craig_Complete-Reading_Segue-Series_12-14-2013	98.32	98.59	By
Dworkin-Craig_Complete-Reading_Segue-Series_12-14-2013	98.59	99.24	which
Dworkin-Craig_Complete-Reading_Segue-Series_12-14-2013	99.24	99.39	I
Dworkin-Craig_Complete-Reading_Segue-Series_12-14-2013	99.39	100.2	mean,
Dworkin-Craig_Complete-Reading_Segue-Series_12-14-2013	100.2	101.84	with
Dworkin-Craig_Complete-Reading_Segue-Series_12-14-2013	101.84	102.01	reference
Dworkin-Craig_Complete-Reading_Segue-Series_12-14-2013	102.01	102.5	to,
Dworkin-Craig_Complete-Reading_Segue-Series_12-14-2013	102.5	103.44	as
Dworkin-Craig_Complete-Reading_Segue-Series_12-14-2013	103.44	103.99	regards,
Dworkin-Craig_Complete-Reading_Segue-Series_12-14-2013	103.99	104.26	or
Dworkin-Craig_Complete-Reading_Segue-Series_12-14-2013	104.26	104.67	in
Dworkin-Craig_Complete-Reading_Segue-Series_12-14-2013	104.67	105.2	plain
Dworkin-Craig_Complete-Reading_Segue-Series_12-14-2013	105.2	106.48	English,
Dworkin-Craig_Complete-Reading_Segue-Series_12-14-2013	106.48	107.07	concerning
Dworkin-Craig_Complete-Reading_Segue-Series_12-14-2013	107.07	107.36	about
Dworkin-Craig_Complete-Reading_Segue-Series_12-14-2013	107.36	107.54	the
Dworkin-Craig_Complete-Reading_Segue-Series_12-14-2013	107.54	108.09	something
Dworkin-Craig_Complete-Reading_Segue-Series_12-14-2013	108.09	108.32	that
Dworkin-Craig_Complete-Reading_Segue-Series_12-14-2013	108.32	108.55	is
Dworkin-Craig_Complete-Reading_Segue-Series_12-14-2013	108.55	108.78	done
Dworkin-Craig_Complete-Reading_Segue-Series_12-14-2013	108.78	108.89	or
Dworkin-Craig_Complete-Reading_Segue-Series_12-14-2013	108.89	109.52	performed,
Dworkin-Craig_Complete-Reading_Segue-Series_12-14-2013	109.52	109.59	a
Dworkin-Craig_Complete-Reading_Segue-Series_12-14-2013	109.59	110.06	deed,
Dworkin-Craig_Complete-Reading_Segue-Series_12-14-2013	110.06	110.17	an
Dworkin-Craig_Complete-Reading_Segue-Series_12-14-2013	110.17	110.39	act
Dworkin-Craig_Complete-Reading_Segue-Series_12-14-2013	110.39	110.54	of
Dworkin-Craig_Complete-Reading_Segue-Series_12-14-2013	110.54	111.14	bringing
Dworkin-Craig_Complete-Reading_Segue-Series_12-14-2013	111.14	111.4	a
Dworkin-Craig_Complete-Reading_Segue-Series_12-14-2013	111.4	111.62	thing
Dworkin-Craig_Complete-Reading_Segue-Series_12-14-2013	111.62	111.98	into
Dworkin-Craig_Complete-Reading_Segue-Series_12-14-2013	111.98	112.16	some
Dworkin-Craig_Complete-Reading_Segue-Series_12-14-2013	112.16	112.56	sphere
Dworkin-Craig_Complete-Reading_Segue-Series_12-14-2013	112.56	112.73	of
Dworkin-Craig_Complete-Reading_Segue-Series_12-14-2013	112.73	113.11	action
Dworkin-Craig_Complete-Reading_Segue-Series_12-14-2013	113.11	113.23	or
Dworkin-Craig_Complete-Reading_Segue-Series_12-14-2013	113.23	113.93	thought,
Dworkin-Craig_Complete-Reading_Segue-Series_12-14-2013	113.93	114.09	or
Dworkin-Craig_Complete-Reading_Segue-Series_12-14-2013	114.09	114.7	in
Dworkin-Craig_Complete-Reading_Segue-Series_12-14-2013	114.7	114.84	plain
Dworkin-Craig_Complete-Reading_Segue-Series_12-14-2013	114.84	115.52	English,
Dworkin-Craig_Complete-Reading_Segue-Series_12-14-2013	115.94	116.16	bringing
Dworkin-Craig_Complete-Reading_Segue-Series_12-14-2013	116.16	116.44	in,
Dworkin-Craig_Complete-Reading_Segue-Series_12-14-2013	116.44	116.58	in
Dworkin-Craig_Complete-Reading_Segue-Series_12-14-2013	116.58	116.88	the
Dworkin-Craig_Complete-Reading_Segue-Series_12-14-2013	116.88	117.5	corner,
Dworkin-Craig_Complete-Reading_Segue-Series_12-14-2013	117.5	117.54	in
Dworkin-Craig_Complete-Reading_Segue-Series_12-14-2013	117.54	117.85	the
Dworkin-Craig_Complete-Reading_Segue-Series_12-14-2013	117.85	118.28	course
Dworkin-Craig_Complete-Reading_Segue-Series_12-14-2013	118.28	118.32	of
Dworkin-Craig_Complete-Reading_Segue-Series_12-14-2013	118.32	118.57	some
Dworkin-Craig_Complete-Reading_Segue-Series_12-14-2013	118.57	119.14	action,
Dworkin-Craig_Complete-Reading_Segue-Series_12-14-2013	119.14	119.36	or
Dworkin-Craig_Complete-Reading_Segue-Series_12-14-2013	119.36	119.55	in
Dworkin-Craig_Complete-Reading_Segue-Series_12-14-2013	119.55	119.58	a
Dworkin-Craig_Complete-Reading_Segue-Series_12-14-2013	119.58	120.2	literary,
Dworkin-Craig_Complete-Reading_Segue-Series_12-14-2013	120.2	120.36	or
Dworkin-Craig_Complete-Reading_Segue-Series_12-14-2013	120.36	120.46	in
Dworkin-Craig_Complete-Reading_Segue-Series_12-14-2013	120.46	120.77	an
Dworkin-Craig_Complete-Reading_Segue-Series_12-14-2013	120.77	121.11	artistic
Dworkin-Craig_Complete-Reading_Segue-Series_12-14-2013	121.11	121.98	composition,
Dworkin-Craig_Complete-Reading_Segue-Series_12-14-2013	121.98	122.11	or
Dworkin-Craig_Complete-Reading_Segue-Series_12-14-2013	122.11	122.24	in
Dworkin-Craig_Complete-Reading_Segue-Series_12-14-2013	122.24	122.58	plain
Dworkin-Craig_Complete-Reading_Segue-Series_12-14-2013	122.58	123.21	English,
Dworkin-Craig_Complete-Reading_Segue-Series_12-14-2013	123.21	123.74	adding
Dworkin-Craig_Complete-Reading_Segue-Series_12-14-2013	123.74	123.93	or
Dworkin-Craig_Complete-Reading_Segue-Series_12-14-2013	123.93	124.72	inserting
Dworkin-Craig_Complete-Reading_Segue-Series_12-14-2013	124.72	124.89	as
Dworkin-Craig_Complete-Reading_Segue-Series_12-14-2013	124.89	125.07	a
Dworkin-Craig_Complete-Reading_Segue-Series_12-14-2013	125.07	125.55	feature
Dworkin-Craig_Complete-Reading_Segue-Series_12-14-2013	125.55	125.71	or
Dworkin-Craig_Complete-Reading_Segue-Series_12-14-2013	125.71	126.5	element,
Dworkin-Craig_Complete-Reading_Segue-Series_12-14-2013	126.5	127.18	sometimes
Dworkin-Craig_Complete-Reading_Segue-Series_12-14-2013	127.18	127.48	with
Dworkin-Craig_Complete-Reading_Segue-Series_12-14-2013	127.48	127.71	the
Dworkin-Craig_Complete-Reading_Segue-Series_12-14-2013	127.71	128.16	notion
Dworkin-Craig_Complete-Reading_Segue-Series_12-14-2013	128.16	128.57	of
Dworkin-Craig_Complete-Reading_Segue-Series_12-14-2013	128.57	128.92	bringing
Dworkin-Craig_Complete-Reading_Segue-Series_12-14-2013	128.92	129.07	in
Dworkin-Craig_Complete-Reading_Segue-Series_12-14-2013	129.07	129.41	for
Dworkin-Craig_Complete-Reading_Segue-Series_12-14-2013	129.41	129.54	the
Dworkin-Craig_Complete-Reading_Segue-Series_12-14-2013	129.54	129.91	first
Dworkin-Craig_Complete-Reading_Segue-Series_12-14-2013	129.91	130.36	time,
Dworkin-Craig_Complete-Reading_Segue-Series_12-14-2013	130.36	130.56	or
Dworkin-Craig_Complete-Reading_Segue-Series_12-14-2013	130.56	130.75	as
Dworkin-Craig_Complete-Reading_Segue-Series_12-14-2013	130.75	130.82	a
Dworkin-Craig_Complete-Reading_Segue-Series_12-14-2013	130.82	131.22	new
Dworkin-Craig_Complete-Reading_Segue-Series_12-14-2013	131.22	131.92	feature,
Dworkin-Craig_Complete-Reading_Segue-Series_12-14-2013	131.92	132.0	a
Dworkin-Craig_Complete-Reading_Segue-Series_12-14-2013	132.0	132.82	conducing
Dworkin-Craig_Complete-Reading_Segue-Series_12-14-2013	132.82	132.99	or
Dworkin-Craig_Complete-Reading_Segue-Series_12-14-2013	132.99	133.72	fetching
Dworkin-Craig_Complete-Reading_Segue-Series_12-14-2013	133.72	134.14	in,
Dworkin-Craig_Complete-Reading_Segue-Series_12-14-2013	134.14	134.19	a
Dworkin-Craig_Complete-Reading_Segue-Series_12-14-2013	134.19	134.64	carrying
Dworkin-Craig_Complete-Reading_Segue-Series_12-14-2013	134.64	134.86	into
Dworkin-Craig_Complete-Reading_Segue-Series_12-14-2013	134.86	135.03	the
Dworkin-Craig_Complete-Reading_Segue-Series_12-14-2013	135.03	135.2	act
Dworkin-Craig_Complete-Reading_Segue-Series_12-14-2013	135.2	135.31	of
Dworkin-Craig_Complete-Reading_Segue-Series_12-14-2013	135.31	135.77	putting
Dworkin-Craig_Complete-Reading_Segue-Series_12-14-2013	135.77	136.23	something
Dworkin-Craig_Complete-Reading_Segue-Series_12-14-2013	136.23	136.34	to
Dworkin-Craig_Complete-Reading_Segue-Series_12-14-2013	136.34	136.7	work,
Dworkin-Craig_Complete-Reading_Segue-Series_12-14-2013	136.74	136.83	or
Dworkin-Craig_Complete-Reading_Segue-Series_12-14-2013	136.83	137.47	employing
Dworkin-Craig_Complete-Reading_Segue-Series_12-14-2013	137.47	137.54	or
Dworkin-Craig_Complete-Reading_Segue-Series_12-14-2013	137.54	138.12	applying
Dworkin-Craig_Complete-Reading_Segue-Series_12-14-2013	138.12	138.15	a
Dworkin-Craig_Complete-Reading_Segue-Series_12-14-2013	138.15	138.49	thing
Dworkin-Craig_Complete-Reading_Segue-Series_12-14-2013	138.49	138.63	for
Dworkin-Craig_Complete-Reading_Segue-Series_12-14-2013	138.63	138.95	any,
Dworkin-Craig_Complete-Reading_Segue-Series_12-14-2013	138.95	139.64	especially
Dworkin-Craig_Complete-Reading_Segue-Series_12-14-2013	139.64	139.7	a
Dworkin-Craig_Complete-Reading_Segue-Series_12-14-2013	139.7	140.39	beneficial
Dworkin-Craig_Complete-Reading_Segue-Series_12-14-2013	140.39	140.5	or
Dworkin-Craig_Complete-Reading_Segue-Series_12-14-2013	140.5	141.17	productive
Dworkin-Craig_Complete-Reading_Segue-Series_12-14-2013	141.17	141.8	purpose,
Dworkin-Craig_Complete-Reading_Segue-Series_12-14-2013	141.8	142.08	or
Dworkin-Craig_Complete-Reading_Segue-Series_12-14-2013	142.08	142.38	the
Dworkin-Craig_Complete-Reading_Segue-Series_12-14-2013	142.38	142.88	actual
Dworkin-Craig_Complete-Reading_Segue-Series_12-14-2013	142.88	143.66	application
Dworkin-Craig_Complete-Reading_Segue-Series_12-14-2013	143.66	143.79	or
Dworkin-Craig_Complete-Reading_Segue-Series_12-14-2013	143.79	143.99	use
Dworkin-Craig_Complete-Reading_Segue-Series_12-14-2013	143.99	144.12	of
Dworkin-Craig_Complete-Reading_Segue-Series_12-14-2013	144.12	144.25	an
Dworkin-Craig_Complete-Reading_Segue-Series_12-14-2013	144.25	144.7	idea,
Dworkin-Craig_Complete-Reading_Segue-Series_12-14-2013	144.7	145.46	belief,
Dworkin-Craig_Complete-Reading_Segue-Series_12-14-2013	145.46	145.52	or
Dworkin-Craig_Complete-Reading_Segue-Series_12-14-2013	145.52	146.26	method,
Dworkin-Craig_Complete-Reading_Segue-Series_12-14-2013	146.26	146.35	as
Dworkin-Craig_Complete-Reading_Segue-Series_12-14-2013	146.35	146.7	opposed
Dworkin-Craig_Complete-Reading_Segue-Series_12-14-2013	146.7	146.78	to
Dworkin-Craig_Complete-Reading_Segue-Series_12-14-2013	146.78	146.92	the
Dworkin-Craig_Complete-Reading_Segue-Series_12-14-2013	146.92	147.21	theory
Dworkin-Craig_Complete-Reading_Segue-Series_12-14-2013	147.21	147.3	or
Dworkin-Craig_Complete-Reading_Segue-Series_12-14-2013	147.3	147.78	principle
Dworkin-Craig_Complete-Reading_Segue-Series_12-14-2013	147.78	147.83	of
Dworkin-Craig_Complete-Reading_Segue-Series_12-14-2013	147.83	148.37	it,
Dworkin-Craig_Complete-Reading_Segue-Series_12-14-2013	148.37	148.64	conducing
Dworkin-Craig_Complete-Reading_Segue-Series_12-14-2013	148.64	148.76	or
Dworkin-Craig_Complete-Reading_Segue-Series_12-14-2013	148.76	149.26	fetching
Dworkin-Craig_Complete-Reading_Segue-Series_12-14-2013	149.26	149.39	in
Dworkin-Craig_Complete-Reading_Segue-Series_12-14-2013	149.39	149.79	the
Dworkin-Craig_Complete-Reading_Segue-Series_12-14-2013	149.79	150.01	natural
Dworkin-Craig_Complete-Reading_Segue-Series_12-14-2013	150.01	150.52	exercise
Dworkin-Craig_Complete-Reading_Segue-Series_12-14-2013	150.52	150.64	of
Dworkin-Craig_Complete-Reading_Segue-Series_12-14-2013	150.64	150.87	the
Dworkin-Craig_Complete-Reading_Segue-Series_12-14-2013	150.87	151.14	vocal
Dworkin-Craig_Complete-Reading_Segue-Series_12-14-2013	151.14	151.72	organs,
Dworkin-Craig_Complete-Reading_Segue-Series_12-14-2013	151.72	152.04	or
Dworkin-Craig_Complete-Reading_Segue-Series_12-14-2013	152.04	152.07	in
Dworkin-Craig_Complete-Reading_Segue-Series_12-14-2013	152.07	152.79	plain
Dworkin-Craig_Complete-Reading_Segue-Series_12-14-2013	152.79	153.46	English,
Dworkin-Craig_Complete-Reading_Segue-Series_12-14-2013	153.46	153.79	the
Dworkin-Craig_Complete-Reading_Segue-Series_12-14-2013	153.79	154.22	utterance
Dworkin-Craig_Complete-Reading_Segue-Series_12-14-2013	154.22	154.34	of
Dworkin-Craig_Complete-Reading_Segue-Series_12-14-2013	154.34	154.66	words
Dworkin-Craig_Complete-Reading_Segue-Series_12-14-2013	154.66	154.95	or
Dworkin-Craig_Complete-Reading_Segue-Series_12-14-2013	154.95	155.47	sentences,
Dworkin-Craig_Complete-Reading_Segue-Series_12-14-2013	155.47	155.59	or
Dworkin-Craig_Complete-Reading_Segue-Series_12-14-2013	155.59	155.71	in
Dworkin-Craig_Complete-Reading_Segue-Series_12-14-2013	155.71	156.07	plain
Dworkin-Craig_Complete-Reading_Segue-Series_12-14-2013	156.07	156.67	English,
Dworkin-Craig_Complete-Reading_Segue-Series_12-14-2013	156.67	156.88	oral
Dworkin-Craig_Complete-Reading_Segue-Series_12-14-2013	156.88	157.4	expression
Dworkin-Craig_Complete-Reading_Segue-Series_12-14-2013	157.4	157.5	of
Dworkin-Craig_Complete-Reading_Segue-Series_12-14-2013	157.5	157.99	thought,
Dworkin-Craig_Complete-Reading_Segue-Series_12-14-2013	157.99	158.24	or
Dworkin-Craig_Complete-Reading_Segue-Series_12-14-2013	158.24	158.79	feeling,
Dworkin-Craig_Complete-Reading_Segue-Series_12-14-2013	158.79	158.83	or
Dworkin-Craig_Complete-Reading_Segue-Series_12-14-2013	158.83	159.03	the
Dworkin-Craig_Complete-Reading_Segue-Series_12-14-2013	159.03	159.7	penning,
Dworkin-Craig_Complete-Reading_Segue-Series_12-14-2013	159.7	159.78	or
Dworkin-Craig_Complete-Reading_Segue-Series_12-14-2013	159.78	160.08	forming
Dworkin-Craig_Complete-Reading_Segue-Series_12-14-2013	160.08	160.16	of
Dworkin-Craig_Complete-Reading_Segue-Series_12-14-2013	160.16	160.61	letters,
Dworkin-Craig_Complete-Reading_Segue-Series_12-14-2013	160.61	160.65	or
Dworkin-Craig_Complete-Reading_Segue-Series_12-14-2013	160.65	161.0	words,
Dworkin-Craig_Complete-Reading_Segue-Series_12-14-2013	161.05	161.28	the
Dworkin-Craig_Complete-Reading_Segue-Series_12-14-2013	161.28	161.85	action
Dworkin-Craig_Complete-Reading_Segue-Series_12-14-2013	161.85	162.04	of
Dworkin-Craig_Complete-Reading_Segue-Series_12-14-2013	162.04	162.7	setting
Dworkin-Craig_Complete-Reading_Segue-Series_12-14-2013	162.7	162.89	or
Dworkin-Craig_Complete-Reading_Segue-Series_12-14-2013	162.89	163.56	putting
Dworkin-Craig_Complete-Reading_Segue-Series_12-14-2013	163.56	163.92	in,
Dworkin-Craig_Complete-Reading_Segue-Series_12-14-2013	163.92	164.2	the
Dworkin-Craig_Complete-Reading_Segue-Series_12-14-2013	164.2	165.39	introduction
Dworkin-Craig_Complete-Reading_Segue-Series_12-14-2013	165.39	165.73	into
Dworkin-Craig_Complete-Reading_Segue-Series_12-14-2013	165.73	165.92	or
Dworkin-Craig_Complete-Reading_Segue-Series_12-14-2013	165.92	166.71	between
Dworkin-Craig_Complete-Reading_Segue-Series_12-14-2013	166.71	166.77	of
Dworkin-Craig_Complete-Reading_Segue-Series_12-14-2013	166.77	166.86	a
Dworkin-Craig_Complete-Reading_Segue-Series_12-14-2013	166.86	167.29	word
Dworkin-Craig_Complete-Reading_Segue-Series_12-14-2013	167.29	167.62	used
Dworkin-Craig_Complete-Reading_Segue-Series_12-14-2013	167.62	167.81	as
Dworkin-Craig_Complete-Reading_Segue-Series_12-14-2013	167.81	168.09	the
Dworkin-Craig_Complete-Reading_Segue-Series_12-14-2013	168.09	168.47	name
Dworkin-Craig_Complete-Reading_Segue-Series_12-14-2013	168.47	168.66	or
Dworkin-Craig_Complete-Reading_Segue-Series_12-14-2013	168.66	169.8	designation
Dworkin-Craig_Complete-Reading_Segue-Series_12-14-2013	169.8	169.98	of
Dworkin-Craig_Complete-Reading_Segue-Series_12-14-2013	169.98	169.98	a
Dworkin-Craig_Complete-Reading_Segue-Series_12-14-2013	169.98	170.5	person,
Dworkin-Craig_Complete-Reading_Segue-Series_12-14-2013	170.5	170.87	place,
Dworkin-Craig_Complete-Reading_Segue-Series_12-14-2013	170.87	170.98	or
Dworkin-Craig_Complete-Reading_Segue-Series_12-14-2013	170.98	171.36	thing,
Dworkin-Craig_Complete-Reading_Segue-Series_12-14-2013	171.36	171.89	suitable
Dworkin-Craig_Complete-Reading_Segue-Series_12-14-2013	171.89	172.08	for
Dworkin-Craig_Complete-Reading_Segue-Series_12-14-2013	172.08	172.13	a
Dworkin-Craig_Complete-Reading_Segue-Series_12-14-2013	172.13	172.71	specified
Dworkin-Craig_Complete-Reading_Segue-Series_12-14-2013	172.71	172.95	or
Dworkin-Craig_Complete-Reading_Segue-Series_12-14-2013	172.95	173.42	implicit
Dworkin-Craig_Complete-Reading_Segue-Series_12-14-2013	173.42	173.94	purpose
Dworkin-Craig_Complete-Reading_Segue-Series_12-14-2013	173.94	174.09	or
Dworkin-Craig_Complete-Reading_Segue-Series_12-14-2013	174.09	174.78	requirement,
Dworkin-Craig_Complete-Reading_Segue-Series_12-14-2013	174.78	175.04	or
Dworkin-Craig_Complete-Reading_Segue-Series_12-14-2013	175.04	175.29	in
Dworkin-Craig_Complete-Reading_Segue-Series_12-14-2013	175.29	175.36	plain
Dworkin-Craig_Complete-Reading_Segue-Series_12-14-2013	175.36	175.99	English,
Dworkin-Craig_Complete-Reading_Segue-Series_12-14-2013	175.99	176.75	appropriate
Dworkin-Craig_Complete-Reading_Segue-Series_12-14-2013	176.75	176.86	to
Dworkin-Craig_Complete-Reading_Segue-Series_12-14-2013	176.86	177.06	the
Dworkin-Craig_Complete-Reading_Segue-Series_12-14-2013	177.06	177.93	circumstances
Dworkin-Craig_Complete-Reading_Segue-Series_12-14-2013	177.93	178.08	or
Dworkin-Craig_Complete-Reading_Segue-Series_12-14-2013	178.08	178.96	conditions,
Dworkin-Craig_Complete-Reading_Segue-Series_12-14-2013	178.96	179.08	or
Dworkin-Craig_Complete-Reading_Segue-Series_12-14-2013	179.08	179.4	in
Dworkin-Craig_Complete-Reading_Segue-Series_12-14-2013	179.4	179.63	plain
Dworkin-Craig_Complete-Reading_Segue-Series_12-14-2013	179.63	180.08	English,
Dworkin-Craig_Complete-Reading_Segue-Series_12-14-2013	180.08	180.39	of
Dworkin-Craig_Complete-Reading_Segue-Series_12-14-2013	180.39	180.45	the
Dworkin-Craig_Complete-Reading_Segue-Series_12-14-2013	180.45	181.02	requisite
Dworkin-Craig_Complete-Reading_Segue-Series_12-14-2013	181.02	181.47	standard
Dworkin-Craig_Complete-Reading_Segue-Series_12-14-2013	181.47	181.59	or
Dworkin-Craig_Complete-Reading_Segue-Series_12-14-2013	181.59	181.97	type,
Dworkin-Craig_Complete-Reading_Segue-Series_12-14-2013	181.97	182.08	or
Dworkin-Craig_Complete-Reading_Segue-Series_12-14-2013	182.08	182.2	in
Dworkin-Craig_Complete-Reading_Segue-Series_12-14-2013	182.2	182.66	plain
Dworkin-Craig_Complete-Reading_Segue-Series_12-14-2013	182.66	183.08	English,
Dworkin-Craig_Complete-Reading_Segue-Series_12-14-2013	183.08	183.41	apt,
Dworkin-Craig_Complete-Reading_Segue-Series_12-14-2013	183.41	184.08	fitting,
Dworkin-Craig_Complete-Reading_Segue-Series_12-14-2013	184.08	184.2	or
Dworkin-Craig_Complete-Reading_Segue-Series_12-14-2013	184.2	184.32	in
Dworkin-Craig_Complete-Reading_Segue-Series_12-14-2013	184.32	184.68	plain
Dworkin-Craig_Complete-Reading_Segue-Series_12-14-2013	184.68	185.22	English,
Dworkin-Craig_Complete-Reading_Segue-Series_12-14-2013	185.22	185.74	correct,
Dworkin-Craig_Complete-Reading_Segue-Series_12-14-2013	185.74	185.96	right,
Dworkin-Craig_Complete-Reading_Segue-Series_12-14-2013	185.96	186.03	a
Dworkin-Craig_Complete-Reading_Segue-Series_12-14-2013	186.03	186.58	speech,
Dworkin-Craig_Complete-Reading_Segue-Series_12-14-2013	186.58	187.25	utterance,
Dworkin-Craig_Complete-Reading_Segue-Series_12-14-2013	187.25	187.59	verbal
Dworkin-Craig_Complete-Reading_Segue-Series_12-14-2013	187.59	188.35	expression,
Dworkin-Craig_Complete-Reading_Segue-Series_12-14-2013	188.35	188.49	or
Dworkin-Craig_Complete-Reading_Segue-Series_12-14-2013	188.49	188.53	a
Dworkin-Craig_Complete-Reading_Segue-Series_12-14-2013	188.53	188.85	small
Dworkin-Craig_Complete-Reading_Segue-Series_12-14-2013	188.85	189.17	group
Dworkin-Craig_Complete-Reading_Segue-Series_12-14-2013	189.17	189.54	or
Dworkin-Craig_Complete-Reading_Segue-Series_12-14-2013	189.54	189.99	collocation
Dworkin-Craig_Complete-Reading_Segue-Series_12-14-2013	189.99	190.11	of
Dworkin-Craig_Complete-Reading_Segue-Series_12-14-2013	190.11	190.43	words
Dworkin-Craig_Complete-Reading_Segue-Series_12-14-2013	190.43	191.13	expressing
Dworkin-Craig_Complete-Reading_Segue-Series_12-14-2013	191.13	191.13	a
Dworkin-Craig_Complete-Reading_Segue-Series_12-14-2013	191.13	191.74	single
Dworkin-Craig_Complete-Reading_Segue-Series_12-14-2013	191.74	192.04	notion
Dworkin-Craig_Complete-Reading_Segue-Series_12-14-2013	192.04	192.16	or
Dworkin-Craig_Complete-Reading_Segue-Series_12-14-2013	192.16	192.64	entering
Dworkin-Craig_Complete-Reading_Segue-Series_12-14-2013	192.64	192.96	with
Dworkin-Craig_Complete-Reading_Segue-Series_12-14-2013	192.96	193.06	some
Dworkin-Craig_Complete-Reading_Segue-Series_12-14-2013	193.06	193.38	degree
Dworkin-Craig_Complete-Reading_Segue-Series_12-14-2013	193.38	193.52	of
Dworkin-Craig_Complete-Reading_Segue-Series_12-14-2013	193.52	193.9	unity
Dworkin-Craig_Complete-Reading_Segue-Series_12-14-2013	193.9	194.14	into
Dworkin-Craig_Complete-Reading_Segue-Series_12-14-2013	194.14	194.32	the
Dworkin-Craig_Complete-Reading_Segue-Series_12-14-2013	194.32	194.86	structure
Dworkin-Craig_Complete-Reading_Segue-Series_12-14-2013	194.86	194.99	of
Dworkin-Craig_Complete-Reading_Segue-Series_12-14-2013	194.99	195.16	the
Dworkin-Craig_Complete-Reading_Segue-Series_12-14-2013	195.16	195.76	sentence,
Dworkin-Craig_Complete-Reading_Segue-Series_12-14-2013	195.76	195.88	or
Dworkin-Craig_Complete-Reading_Segue-Series_12-14-2013	195.88	196.0	in
Dworkin-Craig_Complete-Reading_Segue-Series_12-14-2013	196.0	196.3	plain
Dworkin-Craig_Complete-Reading_Segue-Series_12-14-2013	196.3	196.83	English,
Dworkin-Craig_Complete-Reading_Segue-Series_12-14-2013	196.83	197.26	a
Dworkin-Craig_Complete-Reading_Segue-Series_12-14-2013	197.26	197.26	common
Dworkin-Craig_Complete-Reading_Segue-Series_12-14-2013	197.26	197.53	or
Dworkin-Craig_Complete-Reading_Segue-Series_12-14-2013	197.53	197.92	idiomatic
Dworkin-Craig_Complete-Reading_Segue-Series_12-14-2013	197.92	198.7	expression,
Dworkin-Craig_Complete-Reading_Segue-Series_12-14-2013	198.7	199.08	making
Dworkin-Craig_Complete-Reading_Segue-Series_12-14-2013	199.08	199.32	up,
Dworkin-Craig_Complete-Reading_Segue-Series_12-14-2013	199.32	199.92	forming,
Dworkin-Craig_Complete-Reading_Segue-Series_12-14-2013	199.92	200.68	composing,
Dworkin-Craig_Complete-Reading_Segue-Series_12-14-2013	200.68	201.01	the
Dworkin-Craig_Complete-Reading_Segue-Series_12-14-2013	201.01	201.72	indivisible
Dworkin-Craig_Complete-Reading_Segue-Series_12-14-2013	201.72	202.13	act
Dworkin-Craig_Complete-Reading_Segue-Series_12-14-2013	202.13	202.2	of
Dworkin-Craig_Complete-Reading_Segue-Series_12-14-2013	202.2	202.66	marking
Dworkin-Craig_Complete-Reading_Segue-Series_12-14-2013	202.66	202.93	or
Dworkin-Craig_Complete-Reading_Segue-Series_12-14-2013	202.93	203.24	pointing
Dworkin-Craig_Complete-Reading_Segue-Series_12-14-2013	203.24	203.41	out
Dworkin-Craig_Complete-Reading_Segue-Series_12-14-2013	203.41	203.52	by
Dworkin-Craig_Complete-Reading_Segue-Series_12-14-2013	203.52	203.81	which
Dworkin-Craig_Complete-Reading_Segue-Series_12-14-2013	203.81	203.86	a
Dworkin-Craig_Complete-Reading_Segue-Series_12-14-2013	203.86	204.09	role
Dworkin-Craig_Complete-Reading_Segue-Series_12-14-2013	204.09	204.2	or
Dworkin-Craig_Complete-Reading_Segue-Series_12-14-2013	204.2	204.95	character,
Dworkin-Craig_Complete-Reading_Segue-Series_12-14-2013	204.95	205.25	assumed
Dworkin-Craig_Complete-Reading_Segue-Series_12-14-2013	205.25	205.36	in
Dworkin-Craig_Complete-Reading_Segue-Series_12-14-2013	205.36	205.59	real
Dworkin-Craig_Complete-Reading_Segue-Series_12-14-2013	205.59	205.89	life
Dworkin-Craig_Complete-Reading_Segue-Series_12-14-2013	205.89	205.93	or
Dworkin-Craig_Complete-Reading_Segue-Series_12-14-2013	205.93	206.04	in
Dworkin-Craig_Complete-Reading_Segue-Series_12-14-2013	206.04	206.09	a
Dworkin-Craig_Complete-Reading_Segue-Series_12-14-2013	206.09	206.43	play,
Dworkin-Craig_Complete-Reading_Segue-Series_12-14-2013	206.43	206.77	or
Dworkin-Craig_Complete-Reading_Segue-Series_12-14-2013	206.77	206.82	that
Dworkin-Craig_Complete-Reading_Segue-Series_12-14-2013	206.82	207.06	which
Dworkin-Craig_Complete-Reading_Segue-Series_12-14-2013	207.06	207.17	is
Dworkin-Craig_Complete-Reading_Segue-Series_12-14-2013	207.17	207.52	stated
Dworkin-Craig_Complete-Reading_Segue-Series_12-14-2013	207.52	207.63	or
Dworkin-Craig_Complete-Reading_Segue-Series_12-14-2013	207.63	208.16	expressed
Dworkin-Craig_Complete-Reading_Segue-Series_12-14-2013	208.16	208.26	in
Dworkin-Craig_Complete-Reading_Segue-Series_12-14-2013	208.26	209.05	speech,
Dworkin-Craig_Complete-Reading_Segue-Series_12-14-2013	209.05	209.26	writing,
Dworkin-Craig_Complete-Reading_Segue-Series_12-14-2013	209.26	209.32	et
Dworkin-Craig_Complete-Reading_Segue-Series_12-14-2013	209.32	209.62	cetera,
Dworkin-Craig_Complete-Reading_Segue-Series_12-14-2013	209.62	209.73	or
Dworkin-Craig_Complete-Reading_Segue-Series_12-14-2013	209.73	209.84	in
Dworkin-Craig_Complete-Reading_Segue-Series_12-14-2013	209.84	210.13	plain
Dworkin-Craig_Complete-Reading_Segue-Series_12-14-2013	210.13	210.65	English,
Dworkin-Craig_Complete-Reading_Segue-Series_12-14-2013	210.65	210.7	a
Dworkin-Craig_Complete-Reading_Segue-Series_12-14-2013	210.7	211.16	saying,
Dworkin-Craig_Complete-Reading_Segue-Series_12-14-2013	211.16	211.27	an
Dworkin-Craig_Complete-Reading_Segue-Series_12-14-2013	211.27	211.9	utterance,
Dworkin-Craig_Complete-Reading_Segue-Series_12-14-2013	211.9	212.01	an
Dworkin-Craig_Complete-Reading_Segue-Series_12-14-2013	212.01	212.7	expression,
Dworkin-Craig_Complete-Reading_Segue-Series_12-14-2013	212.7	212.75	a
Dworkin-Craig_Complete-Reading_Segue-Series_12-14-2013	212.75	213.27	statement
Dworkin-Craig_Complete-Reading_Segue-Series_12-14-2013	213.27	213.59	that
Dworkin-Craig_Complete-Reading_Segue-Series_12-14-2013	213.59	213.6	is
Dworkin-Craig_Complete-Reading_Segue-Series_12-14-2013	213.6	213.83	a
Dworkin-Craig_Complete-Reading_Segue-Series_12-14-2013	213.83	213.89	unit
Dworkin-Craig_Complete-Reading_Segue-Series_12-14-2013	213.89	214.0	or
Dworkin-Craig_Complete-Reading_Segue-Series_12-14-2013	214.0	214.17	one
Dworkin-Craig_Complete-Reading_Segue-Series_12-14-2013	214.17	214.51	among
Dworkin-Craig_Complete-Reading_Segue-Series_12-14-2013	214.51	214.54	a
Dworkin-Craig_Complete-Reading_Segue-Series_12-14-2013	214.54	215.16	number,
Dworkin-Craig_Complete-Reading_Segue-Series_12-14-2013	215.16	215.51	taken
Dworkin-Craig_Complete-Reading_Segue-Series_12-14-2013	215.51	215.66	or
Dworkin-Craig_Complete-Reading_Segue-Series_12-14-2013	215.66	216.36	considered
Dworkin-Craig_Complete-Reading_Segue-Series_12-14-2013	216.36	216.59	apart
Dworkin-Craig_Complete-Reading_Segue-Series_12-14-2013	216.59	216.82	from
Dworkin-Craig_Complete-Reading_Segue-Series_12-14-2013	216.82	216.91	the
Dworkin-Craig_Complete-Reading_Segue-Series_12-14-2013	216.91	217.2	rest,
Dworkin-Craig_Complete-Reading_Segue-Series_12-14-2013	217.2	217.44	it's
Dworkin-Craig_Complete-Reading_Segue-Series_12-14-2013	217.44	217.94	publicly
Dworkin-Craig_Complete-Reading_Segue-Series_12-14-2013	217.94	218.52	identified
Dworkin-Craig_Complete-Reading_Segue-Series_12-14-2013	218.52	218.64	as
Dworkin-Craig_Complete-Reading_Segue-Series_12-14-2013	218.64	219.0	such,
Dworkin-Craig_Complete-Reading_Segue-Series_12-14-2013	219.0	219.54	concerned
Dworkin-Craig_Complete-Reading_Segue-Series_12-14-2013	219.54	219.8	with
Dworkin-Craig_Complete-Reading_Segue-Series_12-14-2013	219.8	219.9	or
Dworkin-Craig_Complete-Reading_Segue-Series_12-14-2013	219.9	220.42	written
Dworkin-Craig_Complete-Reading_Segue-Series_12-14-2013	220.42	220.5	and
Dworkin-Craig_Complete-Reading_Segue-Series_12-14-2013	220.5	220.74	sent
Dworkin-Craig_Complete-Reading_Segue-Series_12-14-2013	220.74	220.92	for
Dworkin-Craig_Complete-Reading_Segue-Series_12-14-2013	220.92	221.16	some
Dworkin-Craig_Complete-Reading_Segue-Series_12-14-2013	221.16	221.81	unspecified
Dworkin-Craig_Complete-Reading_Segue-Series_12-14-2013	221.81	221.94	or
Dworkin-Craig_Complete-Reading_Segue-Series_12-14-2013	221.94	222.12	not
Dworkin-Craig_Complete-Reading_Segue-Series_12-14-2013	222.12	222.73	definitely
Dworkin-Craig_Complete-Reading_Segue-Series_12-14-2013	222.73	222.9	set
Dworkin-Craig_Complete-Reading_Segue-Series_12-14-2013	222.9	223.18	down
Dworkin-Craig_Complete-Reading_Segue-Series_12-14-2013	223.18	223.6	matter
Dworkin-Craig_Complete-Reading_Segue-Series_12-14-2013	223.6	224.0	with
Dworkin-Craig_Complete-Reading_Segue-Series_12-14-2013	224.0	224.1	which
Dworkin-Craig_Complete-Reading_Segue-Series_12-14-2013	224.1	224.27	one
Dworkin-Craig_Complete-Reading_Segue-Series_12-14-2013	224.27	224.39	is
Dworkin-Craig_Complete-Reading_Segue-Series_12-14-2013	224.39	225.0	concerned,
Dworkin-Craig_Complete-Reading_Segue-Series_12-14-2013	225.0	225.49	earthly
Dworkin-Craig_Complete-Reading_Segue-Series_12-14-2013	225.49	225.51	or
Dworkin-Craig_Complete-Reading_Segue-Series_12-14-2013	225.51	226.18	spiritual,
Dworkin-Craig_Complete-Reading_Segue-Series_12-14-2013	226.18	226.47	with
Dworkin-Craig_Complete-Reading_Segue-Series_12-14-2013	226.47	227.17	nothing
Dworkin-Craig_Complete-Reading_Segue-Series_12-14-2013	227.17	227.76	increased,
Dworkin-Craig_Complete-Reading_Segue-Series_12-14-2013	227.76	228.01	in
Dworkin-Craig_Complete-Reading_Segue-Series_12-14-2013	228.01	228.27	other
Dworkin-Craig_Complete-Reading_Segue-Series_12-14-2013	228.27	228.76	words,
Dworkin-Craig_Complete-Reading_Segue-Series_12-14-2013	228.76	229.13	taken
Dworkin-Craig_Complete-Reading_Segue-Series_12-14-2013	229.13	229.41	into
Dworkin-Craig_Complete-Reading_Segue-Series_12-14-2013	229.41	230.03	account
Dworkin-Craig_Complete-Reading_Segue-Series_12-14-2013	230.03	230.13	or
Dworkin-Craig_Complete-Reading_Segue-Series_12-14-2013	230.13	231.1	transferred
Dworkin-Craig_Complete-Reading_Segue-Series_12-14-2013	231.1	231.78	by
Dworkin-Craig_Complete-Reading_Segue-Series_12-14-2013	231.78	232.28	one's
Dworkin-Craig_Complete-Reading_Segue-Series_12-14-2013	232.28	232.56	own
Dworkin-Craig_Complete-Reading_Segue-Series_12-14-2013	232.56	233.0	direct
Dworkin-Craig_Complete-Reading_Segue-Series_12-14-2013	233.0	233.24	act,
Dworkin-Craig_Complete-Reading_Segue-Series_12-14-2013	233.28	233.44	the
Dworkin-Craig_Complete-Reading_Segue-Series_12-14-2013	233.44	233.78	thing
Dworkin-Craig_Complete-Reading_Segue-Series_12-14-2013	233.78	234.05	into
Dworkin-Craig_Complete-Reading_Segue-Series_12-14-2013	234.05	234.39	one's
Dworkin-Craig_Complete-Reading_Segue-Series_12-14-2013	234.39	235.18	possession
Dworkin-Craig_Complete-Reading_Segue-Series_12-14-2013	235.18	235.2	or
Dworkin-Craig_Complete-Reading_Segue-Series_12-14-2013	235.2	235.78	keeping
Dworkin-Craig_Complete-Reading_Segue-Series_12-14-2013	235.78	235.82	to
Dworkin-Craig_Complete-Reading_Segue-Series_12-14-2013	235.82	236.63	appropriated
Dworkin-Craig_Complete-Reading_Segue-Series_12-14-2013	236.63	236.76	by
Dworkin-Craig_Complete-Reading_Segue-Series_12-14-2013	236.76	236.96	its
Dworkin-Craig_Complete-Reading_Segue-Series_12-14-2013	236.96	237.42	own,
Dworkin-Craig_Complete-Reading_Segue-Series_12-14-2013	237.42	237.51	in
Dworkin-Craig_Complete-Reading_Segue-Series_12-14-2013	237.51	237.73	other
Dworkin-Craig_Complete-Reading_Segue-Series_12-14-2013	237.73	238.06	words,
Dworkin-Craig_Complete-Reading_Segue-Series_12-14-2013	238.06	238.14	a
Dworkin-Craig_Complete-Reading_Segue-Series_12-14-2013	238.14	238.55	sheet
Dworkin-Craig_Complete-Reading_Segue-Series_12-14-2013	238.55	238.78	of
Dworkin-Craig_Complete-Reading_Segue-Series_12-14-2013	238.78	239.37	standing
Dworkin-Craig_Complete-Reading_Segue-Series_12-14-2013	239.37	239.82	water,
Dworkin-Craig_Complete-Reading_Segue-Series_12-14-2013	239.82	240.28	free
Dworkin-Craig_Complete-Reading_Segue-Series_12-14-2013	240.28	240.28	from
Dworkin-Craig_Complete-Reading_Segue-Series_12-14-2013	240.28	241.03	contamination
Dworkin-Craig_Complete-Reading_Segue-Series_12-14-2013	241.03	241.14	or
Dworkin-Craig_Complete-Reading_Segue-Series_12-14-2013	241.14	241.62	physical
Dworkin-Craig_Complete-Reading_Segue-Series_12-14-2013	241.62	242.17	impurity,
Dworkin-Craig_Complete-Reading_Segue-Series_12-14-2013	242.17	242.28	or
Dworkin-Craig_Complete-Reading_Segue-Series_12-14-2013	242.28	242.39	in
Dworkin-Craig_Complete-Reading_Segue-Series_12-14-2013	242.39	242.76	plain
Dworkin-Craig_Complete-Reading_Segue-Series_12-14-2013	242.76	243.19	English,
Dworkin-Craig_Complete-Reading_Segue-Series_12-14-2013	243.19	243.38	not
Dworkin-Craig_Complete-Reading_Segue-Series_12-14-2013	243.38	243.64	mixed
Dworkin-Craig_Complete-Reading_Segue-Series_12-14-2013	243.64	243.93	with
Dworkin-Craig_Complete-Reading_Segue-Series_12-14-2013	243.93	244.34	anything
Dworkin-Craig_Complete-Reading_Segue-Series_12-14-2013	244.34	244.57	that
Dworkin-Craig_Complete-Reading_Segue-Series_12-14-2013	244.57	245.14	corrupts
Dworkin-Craig_Complete-Reading_Segue-Series_12-14-2013	245.14	245.2	or
Dworkin-Craig_Complete-Reading_Segue-Series_12-14-2013	245.2	245.48	impairs,
Dworkin-Craig_Complete-Reading_Segue-Series_12-14-2013	245.48	245.6	or
Dworkin-Craig_Complete-Reading_Segue-Series_12-14-2013	245.6	246.0	in
Dworkin-Craig_Complete-Reading_Segue-Series_12-14-2013	246.0	246.04	plain
Dworkin-Craig_Complete-Reading_Segue-Series_12-14-2013	246.04	246.59	English,
Dworkin-Craig_Complete-Reading_Segue-Series_12-14-2013	246.59	247.28	untainted,
Dworkin-Craig_Complete-Reading_Segue-Series_12-14-2013	247.28	247.77	clean,
Dworkin-Craig_Complete-Reading_Segue-Series_12-14-2013	247.77	248.41	unclothed,
Dworkin-Craig_Complete-Reading_Segue-Series_12-14-2013	248.41	248.89	naked,
Dworkin-Craig_Complete-Reading_Segue-Series_12-14-2013	248.89	249.22	nude,
Dworkin-Craig_Complete-Reading_Segue-Series_12-14-2013	249.22	249.37	in
Dworkin-Craig_Complete-Reading_Segue-Series_12-14-2013	249.37	249.66	other
Dworkin-Craig_Complete-Reading_Segue-Series_12-14-2013	249.66	250.22	words,
Dworkin-Craig_Complete-Reading_Segue-Series_12-14-2013	250.22	250.93	unaccompanied
Dworkin-Craig_Complete-Reading_Segue-Series_12-14-2013	250.93	251.02	or
Dworkin-Craig_Complete-Reading_Segue-Series_12-14-2013	251.02	251.94	unsupported
Dworkin-Craig_Complete-Reading_Segue-Series_12-14-2013	251.94	252.27	by
Dworkin-Craig_Complete-Reading_Segue-Series_12-14-2013	252.27	252.76	others,
Dworkin-Craig_Complete-Reading_Segue-Series_12-14-2013	252.84	252.98	or
Dworkin-Craig_Complete-Reading_Segue-Series_12-14-2013	252.98	253.12	in
Dworkin-Craig_Complete-Reading_Segue-Series_12-14-2013	253.12	253.47	plain
Dworkin-Craig_Complete-Reading_Segue-Series_12-14-2013	253.47	254.1	English,
Dworkin-Craig_Complete-Reading_Segue-Series_12-14-2013	254.1	254.59	alone,
Dworkin-Craig_Complete-Reading_Segue-Series_12-14-2013	254.59	255.37	solitary,
Dworkin-Craig_Complete-Reading_Segue-Series_12-14-2013	255.37	255.37	a
Dworkin-Craig_Complete-Reading_Segue-Series_12-14-2013	255.37	255.93	formal,
Dworkin-Craig_Complete-Reading_Segue-Series_12-14-2013	255.93	256.42	written
Dworkin-Craig_Complete-Reading_Segue-Series_12-14-2013	256.42	256.72	or
Dworkin-Craig_Complete-Reading_Segue-Series_12-14-2013	256.72	256.84	oral
Dworkin-Craig_Complete-Reading_Segue-Series_12-14-2013	256.84	257.36	account
Dworkin-Craig_Complete-Reading_Segue-Series_12-14-2013	257.36	257.47	of
Dworkin-Craig_Complete-Reading_Segue-Series_12-14-2013	257.47	257.96	facts,
Dworkin-Craig_Complete-Reading_Segue-Series_12-14-2013	257.96	258.76	theories,
Dworkin-Craig_Complete-Reading_Segue-Series_12-14-2013	258.76	259.18	opinions,
Dworkin-Craig_Complete-Reading_Segue-Series_12-14-2013	259.18	259.56	events,
Dworkin-Craig_Complete-Reading_Segue-Series_12-14-2013	259.56	260.46	characterized
Dworkin-Craig_Complete-Reading_Segue-Series_12-14-2013	260.46	260.57	by
Dworkin-Craig_Complete-Reading_Segue-Series_12-14-2013	260.57	261.38	definiteness
Dworkin-Craig_Complete-Reading_Segue-Series_12-14-2013	261.38	261.55	or
Dworkin-Craig_Complete-Reading_Segue-Series_12-14-2013	261.55	262.12	exactness
Dworkin-Craig_Complete-Reading_Segue-Series_12-14-2013	262.12	262.27	of
Dworkin-Craig_Complete-Reading_Segue-Series_12-14-2013	262.27	263.19	expression,
Dworkin-Craig_Complete-Reading_Segue-Series_12-14-2013	263.19	263.34	or
Dworkin-Craig_Complete-Reading_Segue-Series_12-14-2013	263.34	263.39	the
Dworkin-Craig_Complete-Reading_Segue-Series_12-14-2013	263.39	263.93	inherent
Dworkin-Craig_Complete-Reading_Segue-Series_12-14-2013	263.93	264.6	dominating
Dworkin-Craig_Complete-Reading_Segue-Series_12-14-2013	264.6	264.95	power
Dworkin-Craig_Complete-Reading_Segue-Series_12-14-2013	264.95	265.44	or
Dworkin-Craig_Complete-Reading_Segue-Series_12-14-2013	265.44	265.81	impulse
Dworkin-Craig_Complete-Reading_Segue-Series_12-14-2013	265.81	265.93	in
Dworkin-Craig_Complete-Reading_Segue-Series_12-14-2013	265.93	266.15	a
Dworkin-Craig_Complete-Reading_Segue-Series_12-14-2013	266.15	266.4	person
Dworkin-Craig_Complete-Reading_Segue-Series_12-14-2013	266.4	266.72	by
Dworkin-Craig_Complete-Reading_Segue-Series_12-14-2013	266.72	266.8	which
Dworkin-Craig_Complete-Reading_Segue-Series_12-14-2013	266.8	267.38	character
Dworkin-Craig_Complete-Reading_Segue-Series_12-14-2013	267.38	267.44	or
Dworkin-Craig_Complete-Reading_Segue-Series_12-14-2013	267.44	267.79	action
Dworkin-Craig_Complete-Reading_Segue-Series_12-14-2013	267.79	267.9	is
Dworkin-Craig_Complete-Reading_Segue-Series_12-14-2013	267.9	268.6	determined,
Dworkin-Craig_Complete-Reading_Segue-Series_12-14-2013	268.6	269.18	directed,
Dworkin-Craig_Complete-Reading_Segue-Series_12-14-2013	269.18	269.29	or
Dworkin-Craig_Complete-Reading_Segue-Series_12-14-2013	269.29	269.97	controlled
Dworkin-Craig_Complete-Reading_Segue-Series_12-14-2013	269.97	269.99	in
Dworkin-Craig_Complete-Reading_Segue-Series_12-14-2013	269.99	270.25	the
Dworkin-Craig_Complete-Reading_Segue-Series_12-14-2013	270.25	270.57	highest
Dworkin-Craig_Complete-Reading_Segue-Series_12-14-2013	270.57	270.85	sense
Dworkin-Craig_Complete-Reading_Segue-Series_12-14-2013	270.85	270.99	of
Dworkin-Craig_Complete-Reading_Segue-Series_12-14-2013	270.99	271.19	a
Dworkin-Craig_Complete-Reading_Segue-Series_12-14-2013	271.19	271.78	deliberate
Dworkin-Craig_Complete-Reading_Segue-Series_12-14-2013	271.78	271.92	or
Dworkin-Craig_Complete-Reading_Segue-Series_12-14-2013	271.92	272.49	judicial
Dworkin-Craig_Complete-Reading_Segue-Series_12-14-2013	272.49	273.08	assembly
Dworkin-Craig_Complete-Reading_Segue-Series_12-14-2013	273.08	273.38	is
Dworkin-Craig_Complete-Reading_Segue-Series_12-14-2013	273.38	273.42	not
Dworkin-Craig_Complete-Reading_Segue-Series_12-14-2013	273.42	273.68	among
Dworkin-Craig_Complete-Reading_Segue-Series_12-14-2013	273.68	273.86	the
Dworkin-Craig_Complete-Reading_Segue-Series_12-14-2013	273.86	274.41	strengths
Dworkin-Craig_Complete-Reading_Segue-Series_12-14-2013	274.41	274.61	of
Dworkin-Craig_Complete-Reading_Segue-Series_12-14-2013	274.61	274.65	an
Dworkin-Craig_Complete-Reading_Segue-Series_12-14-2013	274.65	275.26	individual
Dworkin-Craig_Complete-Reading_Segue-Series_12-14-2013	275.26	275.56	human
Dworkin-Craig_Complete-Reading_Segue-Series_12-14-2013	275.56	275.86	being
Dworkin-Craig_Complete-Reading_Segue-Series_12-14-2013	275.86	276.18	or,
Dworkin-Craig_Complete-Reading_Segue-Series_12-14-2013	276.18	276.33	in
Dworkin-Craig_Complete-Reading_Segue-Series_12-14-2013	276.33	276.96	plain
Dworkin-Craig_Complete-Reading_Segue-Series_12-14-2013	276.96	277.54	English,
Dworkin-Craig_Complete-Reading_Segue-Series_12-14-2013	277.54	277.8	a
Dworkin-Craig_Complete-Reading_Segue-Series_12-14-2013	277.8	278.02	man,
Dworkin-Craig_Complete-Reading_Segue-Series_12-14-2013	278.02	278.58	woman,
Dworkin-Craig_Complete-Reading_Segue-Series_12-14-2013	278.58	278.74	or
Dworkin-Craig_Complete-Reading_Segue-Series_12-14-2013	278.74	279.27	child,
Dworkin-Craig_Complete-Reading_Segue-Series_12-14-2013	279.27	279.46	or,
Dworkin-Craig_Complete-Reading_Segue-Series_12-14-2013	279.46	279.75	in
Dworkin-Craig_Complete-Reading_Segue-Series_12-14-2013	279.75	279.84	plain
Dworkin-Craig_Complete-Reading_Segue-Series_12-14-2013	279.84	280.34	English,
Dworkin-Craig_Complete-Reading_Segue-Series_12-14-2013	280.34	280.7	there
Dworkin-Craig_Complete-Reading_Segue-Series_12-14-2013	280.7	280.84	is
Dworkin-Craig_Complete-Reading_Segue-Series_12-14-2013	280.84	281.05	not
Dworkin-Craig_Complete-Reading_Segue-Series_12-14-2013	281.05	281.26	any
Dworkin-Craig_Complete-Reading_Segue-Series_12-14-2013	281.26	281.84	physical
Dworkin-Craig_Complete-Reading_Segue-Series_12-14-2013	281.84	282.47	substance
Dworkin-Craig_Complete-Reading_Segue-Series_12-14-2013	282.47	282.64	or
Dworkin-Craig_Complete-Reading_Segue-Series_12-14-2013	282.64	283.71	incorporeal
Dworkin-Craig_Complete-Reading_Segue-Series_12-14-2013	283.71	283.87	sake
Dworkin-Craig_Complete-Reading_Segue-Series_12-14-2013	283.87	284.19	for
Dworkin-Craig_Complete-Reading_Segue-Series_12-14-2013	284.19	284.61	it,
Dworkin-Craig_Complete-Reading_Segue-Series_12-14-2013	284.61	284.82	but
Dworkin-Craig_Complete-Reading_Segue-Series_12-14-2013	284.82	284.98	to
Dworkin-Craig_Complete-Reading_Segue-Series_12-14-2013	284.98	285.14	go
Dworkin-Craig_Complete-Reading_Segue-Series_12-14-2013	285.14	285.46	with
Dworkin-Craig_Complete-Reading_Segue-Series_12-14-2013	285.46	285.55	a
Dworkin-Craig_Complete-Reading_Segue-Series_12-14-2013	285.55	286.04	person
Dworkin-Craig_Complete-Reading_Segue-Series_12-14-2013	286.04	286.18	as
Dworkin-Craig_Complete-Reading_Segue-Series_12-14-2013	286.18	286.39	a
Dworkin-Craig_Complete-Reading_Segue-Series_12-14-2013	286.39	287.06	companion,
Dworkin-Craig_Complete-Reading_Segue-Series_12-14-2013	287.06	287.56	escort,
Dworkin-Craig_Complete-Reading_Segue-Series_12-14-2013	287.56	287.65	or
Dworkin-Craig_Complete-Reading_Segue-Series_12-14-2013	287.65	288.06	attendant,
Dworkin-Craig_Complete-Reading_Segue-Series_12-14-2013	288.06	288.39	and
Dworkin-Craig_Complete-Reading_Segue-Series_12-14-2013	288.39	288.7	bring
Dworkin-Craig_Complete-Reading_Segue-Series_12-14-2013	288.7	289.26	forward
Dworkin-Craig_Complete-Reading_Segue-Series_12-14-2013	289.26	289.42	or
Dworkin-Craig_Complete-Reading_Segue-Series_12-14-2013	289.42	290.06	display
Dworkin-Craig_Complete-Reading_Segue-Series_12-14-2013	290.06	290.16	a
Dworkin-Craig_Complete-Reading_Segue-Series_12-14-2013	290.16	290.46	track
Dworkin-Craig_Complete-Reading_Segue-Series_12-14-2013	290.46	291.12	prepared
Dworkin-Craig_Complete-Reading_Segue-Series_12-14-2013	291.12	291.26	or
Dworkin-Craig_Complete-Reading_Segue-Series_12-14-2013	291.26	291.98	available
Dworkin-Craig_Complete-Reading_Segue-Series_12-14-2013	291.98	292.22	for
Dworkin-Craig_Complete-Reading_Segue-Series_12-14-2013	292.22	292.94	traveling
Dworkin-Craig_Complete-Reading_Segue-Series_12-14-2013	292.94	293.38	along
Dworkin-Craig_Complete-Reading_Segue-Series_12-14-2013	293.38	293.49	in
Dworkin-Craig_Complete-Reading_Segue-Series_12-14-2013	293.49	293.76	order
Dworkin-Craig_Complete-Reading_Segue-Series_12-14-2013	293.76	293.98	that
Dworkin-Craig_Complete-Reading_Segue-Series_12-14-2013	293.98	294.09	it
Dworkin-Craig_Complete-Reading_Segue-Series_12-14-2013	294.09	294.25	may
Dworkin-Craig_Complete-Reading_Segue-Series_12-14-2013	294.25	294.36	be
Dworkin-Craig_Complete-Reading_Segue-Series_12-14-2013	294.36	294.69	looked
Dworkin-Craig_Complete-Reading_Segue-Series_12-14-2013	294.69	294.82	at,
Dworkin-Craig_Complete-Reading_Segue-Series_12-14-2013	294.88	295.01	in
Dworkin-Craig_Complete-Reading_Segue-Series_12-14-2013	295.01	295.35	other
Dworkin-Craig_Complete-Reading_Segue-Series_12-14-2013	295.35	295.89	words,
Dworkin-Craig_Complete-Reading_Segue-Series_12-14-2013	295.89	295.95	to
Dworkin-Craig_Complete-Reading_Segue-Series_12-14-2013	295.95	296.48	inform,
Dworkin-Craig_Complete-Reading_Segue-Series_12-14-2013	296.48	297.15	instruct,
Dworkin-Craig_Complete-Reading_Segue-Series_12-14-2013	297.15	297.32	or
Dworkin-Craig_Complete-Reading_Segue-Series_12-14-2013	297.32	297.75	guide,
Dworkin-Craig_Complete-Reading_Segue-Series_12-14-2013	297.75	297.88	or
Dworkin-Craig_Complete-Reading_Segue-Series_12-14-2013	297.88	298.01	go
Dworkin-Craig_Complete-Reading_Segue-Series_12-14-2013	298.01	298.32	with
Dworkin-Craig_Complete-Reading_Segue-Series_12-14-2013	298.32	298.41	or
Dworkin-Craig_Complete-Reading_Segue-Series_12-14-2013	298.41	298.81	before
Dworkin-Craig_Complete-Reading_Segue-Series_12-14-2013	298.81	299.02	for
Dworkin-Craig_Complete-Reading_Segue-Series_12-14-2013	299.02	299.21	the
Dworkin-Craig_Complete-Reading_Segue-Series_12-14-2013	299.21	299.8	purpose
Dworkin-Craig_Complete-Reading_Segue-Series_12-14-2013	299.8	299.81	of
Dworkin-Craig_Complete-Reading_Segue-Series_12-14-2013	299.81	300.28	leading
Dworkin-Craig_Complete-Reading_Segue-Series_12-14-2013	300.28	300.48	the
Dworkin-Craig_Complete-Reading_Segue-Series_12-14-2013	300.48	300.8	way,
Dworkin-Craig_Complete-Reading_Segue-Series_12-14-2013	300.8	301.0	set
Dworkin-Craig_Complete-Reading_Segue-Series_12-14-2013	301.0	301.24	of
Dworkin-Craig_Complete-Reading_Segue-Series_12-14-2013	301.24	301.61	persons
Dworkin-Craig_Complete-Reading_Segue-Series_12-14-2013	301.61	301.79	of
Dworkin-Craig_Complete-Reading_Segue-Series_12-14-2013	301.79	302.19	God,
Dworkin-Craig_Complete-Reading_Segue-Series_12-14-2013	302.19	302.88	providence,
Dworkin-Craig_Complete-Reading_Segue-Series_12-14-2013	302.88	303.08	set
Dworkin-Craig_Complete-Reading_Segue-Series_12-14-2013	303.08	303.27	of
Dworkin-Craig_Complete-Reading_Segue-Series_12-14-2013	303.27	303.89	impersonal
Dworkin-Craig_Complete-Reading_Segue-Series_12-14-2013	303.89	304.3	agents
Dworkin-Craig_Complete-Reading_Segue-Series_12-14-2013	304.3	304.57	such
Dworkin-Craig_Complete-Reading_Segue-Series_12-14-2013	304.57	304.7	as
Dworkin-Craig_Complete-Reading_Segue-Series_12-14-2013	304.7	305.24	stars,
Dworkin-Craig_Complete-Reading_Segue-Series_12-14-2013	305.24	305.77	light,
Dworkin-Craig_Complete-Reading_Segue-Series_12-14-2013	305.77	306.36	etc.,
Dworkin-Craig_Complete-Reading_Segue-Series_12-14-2013	306.36	306.65	by
Dworkin-Craig_Complete-Reading_Segue-Series_12-14-2013	306.65	306.94	walking
Dworkin-Craig_Complete-Reading_Segue-Series_12-14-2013	306.94	307.07	on
Dworkin-Craig_Complete-Reading_Segue-Series_12-14-2013	307.07	307.2	in
Dworkin-Craig_Complete-Reading_Segue-Series_12-14-2013	307.2	307.26	a
Dworkin-Craig_Complete-Reading_Segue-Series_12-14-2013	307.26	307.52	step
Dworkin-Craig_Complete-Reading_Segue-Series_12-14-2013	307.52	308.13	forward,
Dworkin-Craig_Complete-Reading_Segue-Series_12-14-2013	308.13	308.23	in
Dworkin-Craig_Complete-Reading_Segue-Series_12-14-2013	308.23	308.55	other
Dworkin-Craig_Complete-Reading_Segue-Series_12-14-2013	308.55	309.02	words,
Dworkin-Craig_Complete-Reading_Segue-Series_12-14-2013	309.02	309.32	to
Dworkin-Craig_Complete-Reading_Segue-Series_12-14-2013	309.32	310.01	speak
Dworkin-Craig_Complete-Reading_Segue-Series_12-14-2013	310.01	311.12	familiarly,
Dworkin-Craig_Complete-Reading_Segue-Series_12-14-2013	311.12	311.69	converse,
Dworkin-Craig_Complete-Reading_Segue-Series_12-14-2013	311.69	312.3	talk,
Dworkin-Craig_Complete-Reading_Segue-Series_12-14-2013	312.3	312.57	chat,
Dworkin-Craig_Complete-Reading_Segue-Series_12-14-2013	312.57	312.73	to
Dworkin-Craig_Complete-Reading_Segue-Series_12-14-2013	312.73	313.02	go,
Dworkin-Craig_Complete-Reading_Segue-Series_12-14-2013	313.02	313.48	come,
Dworkin-Craig_Complete-Reading_Segue-Series_12-14-2013	313.48	313.98	after,
Dworkin-Craig_Complete-Reading_Segue-Series_12-14-2013	313.98	314.12	in
Dworkin-Craig_Complete-Reading_Segue-Series_12-14-2013	314.12	314.48	one's
Dworkin-Craig_Complete-Reading_Segue-Series_12-14-2013	314.48	314.86	way,
Dworkin-Craig_Complete-Reading_Segue-Series_12-14-2013	314.86	314.98	or
Dworkin-Craig_Complete-Reading_Segue-Series_12-14-2013	314.98	315.47	track
Dworkin-Craig_Complete-Reading_Segue-Series_12-14-2013	315.47	315.68	formed
Dworkin-Craig_Complete-Reading_Segue-Series_12-14-2013	315.68	315.89	by
Dworkin-Craig_Complete-Reading_Segue-Series_12-14-2013	315.89	315.99	the
Dworkin-Craig_Complete-Reading_Segue-Series_12-14-2013	315.99	316.59	continued
Dworkin-Craig_Complete-Reading_Segue-Series_12-14-2013	316.59	317.07	treading
Dworkin-Craig_Complete-Reading_Segue-Series_12-14-2013	317.07	317.19	of
Dworkin-Craig_Complete-Reading_Segue-Series_12-14-2013	317.19	317.93	pedestrians
Dworkin-Craig_Complete-Reading_Segue-Series_12-14-2013	317.93	318.01	or
Dworkin-Craig_Complete-Reading_Segue-Series_12-14-2013	318.01	318.52	animals,
Dworkin-Craig_Complete-Reading_Segue-Series_12-14-2013	318.52	318.88	rather
Dworkin-Craig_Complete-Reading_Segue-Series_12-14-2013	318.88	319.0	than
Dworkin-Craig_Complete-Reading_Segue-Series_12-14-2013	319.0	319.14	one
Dworkin-Craig_Complete-Reading_Segue-Series_12-14-2013	319.14	319.73	deliberately
Dworkin-Craig_Complete-Reading_Segue-Series_12-14-2013	319.73	320.16	planned
Dworkin-Craig_Complete-Reading_Segue-Series_12-14-2013	320.16	320.21	and
Dworkin-Craig_Complete-Reading_Segue-Series_12-14-2013	320.21	320.4	made
Dworkin-Craig_Complete-Reading_Segue-Series_12-14-2013	320.4	320.58	or,
Dworkin-Craig_Complete-Reading_Segue-Series_12-14-2013	320.58	320.67	in
Dworkin-Craig_Complete-Reading_Segue-Series_12-14-2013	320.67	320.91	plain
Dworkin-Craig_Complete-Reading_Segue-Series_12-14-2013	320.91	321.73	English,
Dworkin-Craig_Complete-Reading_Segue-Series_12-14-2013	321.73	322.0	narrow,
Dworkin-Craig_Complete-Reading_Segue-Series_12-14-2013	322.0	322.58	unmade,
Dworkin-Craig_Complete-Reading_Segue-Series_12-14-2013	322.58	322.8	and
Dworkin-Craig_Complete-Reading_Segue-Series_12-14-2013	322.8	323.32	usually
Dworkin-Craig_Complete-Reading_Segue-Series_12-14-2013	323.32	324.07	unenclosed
Dworkin-Craig_Complete-Reading_Segue-Series_12-14-2013	324.07	324.32	way
Dworkin-Craig_Complete-Reading_Segue-Series_12-14-2013	324.32	324.6	that
Dworkin-Craig_Complete-Reading_Segue-Series_12-14-2013	324.6	324.97	people
Dworkin-Craig_Complete-Reading_Segue-Series_12-14-2013	324.97	325.1	on
Dworkin-Craig_Complete-Reading_Segue-Series_12-14-2013	325.1	325.48	foot
Dworkin-Craig_Complete-Reading_Segue-Series_12-14-2013	325.48	325.55	can
Dworkin-Craig_Complete-Reading_Segue-Series_12-14-2013	325.55	325.79	use
Dworkin-Craig_Complete-Reading_Segue-Series_12-14-2013	325.79	325.87	as
Dworkin-Craig_Complete-Reading_Segue-Series_12-14-2013	325.87	326.0	an
Dworkin-Craig_Complete-Reading_Segue-Series_12-14-2013	326.0	326.65	expositor
Dworkin-Craig_Complete-Reading_Segue-Series_12-14-2013	326.65	326.72	or
Dworkin-Craig_Complete-Reading_Segue-Series_12-14-2013	326.72	327.3	official
Dworkin-Craig_Complete-Reading_Segue-Series_12-14-2013	327.3	327.84	or
Dworkin-Craig_Complete-Reading_Segue-Series_12-14-2013	327.84	328.48	professional
Dworkin-Craig_Complete-Reading_Segue-Series_12-14-2013	328.48	329.1	expounder
Dworkin-Craig_Complete-Reading_Segue-Series_12-14-2013	329.1	329.27	of
Dworkin-Craig_Complete-Reading_Segue-Series_12-14-2013	329.27	329.55	laws,
Dworkin-Craig_Complete-Reading_Segue-Series_12-14-2013	329.55	330.09	texts,
Dworkin-Craig_Complete-Reading_Segue-Series_12-14-2013	330.09	330.54	mysteries,
Dworkin-Craig_Complete-Reading_Segue-Series_12-14-2013	330.54	331.14	etc.,
Dworkin-Craig_Complete-Reading_Segue-Series_12-14-2013	331.14	331.58	or,
Dworkin-Craig_Complete-Reading_Segue-Series_12-14-2013	331.58	331.79	in
Dworkin-Craig_Complete-Reading_Segue-Series_12-14-2013	331.79	332.53	plain
Dworkin-Craig_Complete-Reading_Segue-Series_12-14-2013	332.53	333.32	English,
Dworkin-Craig_Complete-Reading_Segue-Series_12-14-2013	333.32	333.6	a
Dworkin-Craig_Complete-Reading_Segue-Series_12-14-2013	333.6	334.4	commentator
Dworkin-Craig_Complete-Reading_Segue-Series_12-14-2013	334.4	334.67	of
Dworkin-Craig_Complete-Reading_Segue-Series_12-14-2013	334.67	334.69	a
Dworkin-Craig_Complete-Reading_Segue-Series_12-14-2013	334.69	335.13	train
Dworkin-Craig_Complete-Reading_Segue-Series_12-14-2013	335.13	335.31	of
Dworkin-Craig_Complete-Reading_Segue-Series_12-14-2013	335.31	336.52	thoughts,
Dworkin-Craig_Complete-Reading_Segue-Series_12-14-2013	336.52	336.87	images,
Dworkin-Craig_Complete-Reading_Segue-Series_12-14-2013	336.87	337.25	or
Dworkin-Craig_Complete-Reading_Segue-Series_12-14-2013	337.25	338.06	fancies
Dworkin-Craig_Complete-Reading_Segue-Series_12-14-2013	338.06	338.59	passing
Dworkin-Craig_Complete-Reading_Segue-Series_12-14-2013	338.59	339.04	through
Dworkin-Craig_Complete-Reading_Segue-Series_12-14-2013	339.04	339.25	the
Dworkin-Craig_Complete-Reading_Segue-Series_12-14-2013	339.25	339.55	mind
Dworkin-Craig_Complete-Reading_Segue-Series_12-14-2013	339.55	340.02	during
Dworkin-Craig_Complete-Reading_Segue-Series_12-14-2013	340.02	340.46	sleep,
Dworkin-Craig_Complete-Reading_Segue-Series_12-14-2013	340.46	341.06	gestures,
Dworkin-Craig_Complete-Reading_Segue-Series_12-14-2013	341.06	341.18	or
Dworkin-Craig_Complete-Reading_Segue-Series_12-14-2013	341.18	341.66	emotions
Dworkin-Craig_Complete-Reading_Segue-Series_12-14-2013	341.66	341.94	used
Dworkin-Craig_Complete-Reading_Segue-Series_12-14-2013	341.94	342.02	to
Dworkin-Craig_Complete-Reading_Segue-Series_12-14-2013	342.02	342.38	convey
Dworkin-Craig_Complete-Reading_Segue-Series_12-14-2013	342.38	343.05	information
Dworkin-Craig_Complete-Reading_Segue-Series_12-14-2013	343.05	343.22	or
Dworkin-Craig_Complete-Reading_Segue-Series_12-14-2013	343.22	343.88	instructions
Dworkin-Craig_Complete-Reading_Segue-Series_12-14-2013	343.88	344.01	of
Dworkin-Craig_Complete-Reading_Segue-Series_12-14-2013	344.01	344.12	or
Dworkin-Craig_Complete-Reading_Segue-Series_12-14-2013	344.12	344.6	relating
Dworkin-Craig_Complete-Reading_Segue-Series_12-14-2013	344.6	344.77	to
Dworkin-Craig_Complete-Reading_Segue-Series_12-14-2013	344.77	345.18	magic,
Dworkin-Craig_Complete-Reading_Segue-Series_12-14-2013	345.18	345.6	alchemy,
Dworkin-Craig_Complete-Reading_Segue-Series_12-14-2013	345.6	346.01	astrology,
Dworkin-Craig_Complete-Reading_Segue-Series_12-14-2013	346.01	346.64	theosophy,
Dworkin-Craig_Complete-Reading_Segue-Series_12-14-2013	346.64	346.96	or
Dworkin-Craig_Complete-Reading_Segue-Series_12-14-2013	346.96	347.07	their
Dworkin-Craig_Complete-Reading_Segue-Series_12-14-2013	347.07	347.66	practical
Dworkin-Craig_Complete-Reading_Segue-Series_12-14-2013	347.66	347.89	arts
Dworkin-Craig_Complete-Reading_Segue-Series_12-14-2013	347.89	348.14	held
Dworkin-Craig_Complete-Reading_Segue-Series_12-14-2013	348.14	348.26	to
Dworkin-Craig_Complete-Reading_Segue-Series_12-14-2013	348.26	348.7	involve
Dworkin-Craig_Complete-Reading_Segue-Series_12-14-2013	348.7	349.2	agencies
Dworkin-Craig_Complete-Reading_Segue-Series_12-14-2013	349.2	349.36	of
Dworkin-Craig_Complete-Reading_Segue-Series_12-14-2013	349.36	349.38	a
Dworkin-Craig_Complete-Reading_Segue-Series_12-14-2013	349.38	349.8	secret
Dworkin-Craig_Complete-Reading_Segue-Series_12-14-2013	349.8	349.88	or
Dworkin-Craig_Complete-Reading_Segue-Series_12-14-2013	349.88	350.53	mysterious
Dworkin-Craig_Complete-Reading_Segue-Series_12-14-2013	350.53	351.0	nature,
Dworkin-Craig_Complete-Reading_Segue-Series_12-14-2013	351.0	351.64	etc.,
Dworkin-Craig_Complete-Reading_Segue-Series_12-14-2013	351.64	352.36	or,
