file	beg	end	text	speaker
DiPalma-Lally-Andrews_Complete-Recording_11-10-77	0.545	0.765	The	0
DiPalma-Lally-Andrews_Complete-Recording_11-10-77	0.765	1.045	beats	0
DiPalma-Lally-Andrews_Complete-Recording_11-10-77	1.045	1.165	were	0
DiPalma-Lally-Andrews_Complete-Recording_11-10-77	1.165	1.405	almost	0
DiPalma-Lally-Andrews_Complete-Recording_11-10-77	1.405	1.685	always	0
DiPalma-Lally-Andrews_Complete-Recording_11-10-77	1.685	2.005	serious	0
DiPalma-Lally-Andrews_Complete-Recording_11-10-77	2.145	2.365	too	0
DiPalma-Lally-Andrews_Complete-Recording_11-10-77	2.485	2.605	I	0
DiPalma-Lally-Andrews_Complete-Recording_11-10-77	2.845	2.925	remember	0
DiPalma-Lally-Andrews_Complete-Recording_11-10-77	3.035	3.325	that	0
DiPalma-Lally-Andrews_Complete-Recording_11-10-77	3.325	3.485	got	0
DiPalma-Lally-Andrews_Complete-Recording_11-10-77	3.485	3.645	me	0
DiPalma-Lally-Andrews_Complete-Recording_11-10-77	3.645	3.845	into	0
DiPalma-Lally-Andrews_Complete-Recording_11-10-77	3.845	3.965	the	0
DiPalma-Lally-Andrews_Complete-Recording_11-10-77	4.125	4.325	literary	0
DiPalma-Lally-Andrews_Complete-Recording_11-10-77	4.325	4.885	quarterlies	0
DiPalma-Lally-Andrews_Complete-Recording_11-10-77	4.885	5.005	and	0
DiPalma-Lally-Andrews_Complete-Recording_11-10-77	5.005	5.165	through	0
DiPalma-Lally-Andrews_Complete-Recording_11-10-77	5.165	5.245	the	0
DiPalma-Lally-Andrews_Complete-Recording_11-10-77	5.245	5.405	Iowa	0
DiPalma-Lally-Andrews_Complete-Recording_11-10-77	5.405	5.765	Writers	0
DiPalma-Lally-Andrews_Complete-Recording_11-10-77	6.125	6.325	Workshop	0
DiPalma-Lally-Andrews_Complete-Recording_11-10-77	6.325	6.525	and	0
DiPalma-Lally-Andrews_Complete-Recording_11-10-77	6.525	6.645	helped	0
DiPalma-Lally-Andrews_Complete-Recording_11-10-77	6.645	6.805	me	0
DiPalma-Lally-Andrews_Complete-Recording_11-10-77	6.805	7.245	understand	0
DiPalma-Lally-Andrews_Complete-Recording_11-10-77	7.245	7.445	my	0
DiPalma-Lally-Andrews_Complete-Recording_11-10-77	7.445	7.645	own	0
DiPalma-Lally-Andrews_Complete-Recording_11-10-77	7.645	7.925	dark	0
DiPalma-Lally-Andrews_Complete-Recording_11-10-77	7.925	8.405	corners	0
DiPalma-Lally-Andrews_Complete-Recording_11-10-77	8.405	8.525	and	0
DiPalma-Lally-Andrews_Complete-Recording_11-10-77	8.525	8.765	sharp	0
DiPalma-Lally-Andrews_Complete-Recording_11-10-77	8.825	9.245	angles	0
DiPalma-Lally-Andrews_Complete-Recording_11-10-77	9.245	9.405	And	0
DiPalma-Lally-Andrews_Complete-Recording_11-10-77	9.405	9.525	then	0
DiPalma-Lally-Andrews_Complete-Recording_11-10-77	9.525	9.725	one	0
DiPalma-Lally-Andrews_Complete-Recording_11-10-77	9.725	9.885	day	0
DiPalma-Lally-Andrews_Complete-Recording_11-10-77	9.925	10.045	I	0
DiPalma-Lally-Andrews_Complete-Recording_11-10-77	10.205	10.325	realized	0
DiPalma-Lally-Andrews_Complete-Recording_11-10-77	10.385	10.605	how	0
DiPalma-Lally-Andrews_Complete-Recording_11-10-77	10.605	10.805	much	0
DiPalma-Lally-Andrews_Complete-Recording_11-10-77	10.805	10.965	of	0
DiPalma-Lally-Andrews_Complete-Recording_11-10-77	10.965	11.165	what	0
DiPalma-Lally-Andrews_Complete-Recording_11-10-77	11.165	11.285	I	0
DiPalma-Lally-Andrews_Complete-Recording_11-10-77	11.285	11.405	was	0
DiPalma-Lally-Andrews_Complete-Recording_11-10-77	11.405	11.685	reading	0
DiPalma-Lally-Andrews_Complete-Recording_11-10-77	11.745	11.965	and	0
DiPalma-Lally-Andrews_Complete-Recording_11-10-77	11.965	12.165	often	0
DiPalma-Lally-Andrews_Complete-Recording_11-10-77	12.325	12.885	admiring	0
DiPalma-Lally-Andrews_Complete-Recording_11-10-77	13.255	13.605	going	0
DiPalma-Lally-Andrews_Complete-Recording_11-10-77	13.625	13.845	on	0
DiPalma-Lally-Andrews_Complete-Recording_11-10-77	13.845	14.125	around	0
DiPalma-Lally-Andrews_Complete-Recording_11-10-77	14.125	14.285	me	0
DiPalma-Lally-Andrews_Complete-Recording_11-10-77	14.285	14.405	in	0
DiPalma-Lally-Andrews_Complete-Recording_11-10-77	14.405	14.485	the	0
DiPalma-Lally-Andrews_Complete-Recording_11-10-77	14.485	14.685	poetry	0
DiPalma-Lally-Andrews_Complete-Recording_11-10-77	14.685	15.005	world	0
DiPalma-Lally-Andrews_Complete-Recording_11-10-77	15.025	15.245	was	0
DiPalma-Lally-Andrews_Complete-Recording_11-10-77	15.245	15.365	a	0
DiPalma-Lally-Andrews_Complete-Recording_11-10-77	15.365	15.525	kind	0
DiPalma-Lally-Andrews_Complete-Recording_11-10-77	15.525	15.605	of	0
DiPalma-Lally-Andrews_Complete-Recording_11-10-77	15.605	15.885	picking	0
DiPalma-Lally-Andrews_Complete-Recording_11-10-77	15.885	16.085	of	0
DiPalma-Lally-Andrews_Complete-Recording_11-10-77	16.335	16.685	scabs	0
DiPalma-Lally-Andrews_Complete-Recording_11-10-77	16.685	16.885	and	0
DiPalma-Lally-Andrews_Complete-Recording_11-10-77	16.885	17.405	flashing	0
DiPalma-Lally-Andrews_Complete-Recording_11-10-77	17.405	17.565	the	0
DiPalma-Lally-Andrews_Complete-Recording_11-10-77	17.565	17.765	open	0
DiPalma-Lally-Andrews_Complete-Recording_11-10-77	17.945	18.365	swords	0
DiPalma-Lally-Andrews_Complete-Recording_11-10-77	18.365	18.565	and	0
DiPalma-Lally-Andrews_Complete-Recording_11-10-77	18.585	19.005	wounds	0
DiPalma-Lally-Andrews_Complete-Recording_11-10-77	19.025	19.245	as	0
DiPalma-Lally-Andrews_Complete-Recording_11-10-77	19.425	19.845	badges	0
DiPalma-Lally-Andrews_Complete-Recording_11-10-77	19.845	20.045	and	0
DiPalma-Lally-Andrews_Complete-Recording_11-10-77	20.045	20.645	credentials	0
DiPalma-Lally-Andrews_Complete-Recording_11-10-77	21.185	21.405	and	0
DiPalma-Lally-Andrews_Complete-Recording_11-10-77	21.405	21.605	how	0
DiPalma-Lally-Andrews_Complete-Recording_11-10-77	21.705	22.125	O'Hara	0
DiPalma-Lally-Andrews_Complete-Recording_11-10-77	22.125	22.365	totally	0
DiPalma-Lally-Andrews_Complete-Recording_11-10-77	22.515	23.205	sidestepped	0
DiPalma-Lally-Andrews_Complete-Recording_11-10-77	23.205	23.365	that	0
DiPalma-Lally-Andrews_Complete-Recording_11-10-77	23.365	23.925	contemporary	0
DiPalma-Lally-Andrews_Complete-Recording_11-10-77	24.245	24.485	tendency	0
DiPalma-Lally-Andrews_Complete-Recording_11-10-77	24.545	24.765	by	0
DiPalma-Lally-Andrews_Complete-Recording_11-10-77	24.795	25.085	tone	0
DiPalma-Lally-Andrews_Complete-Recording_11-10-77	25.785	26.005	and	0
DiPalma-Lally-Andrews_Complete-Recording_11-10-77	26.005	26.325	choice	0
DiPalma-Lally-Andrews_Complete-Recording_11-10-77	26.325	26.525	of	0
DiPalma-Lally-Andrews_Complete-Recording_11-10-77	26.525	27.165	vocabulary	0
DiPalma-Lally-Andrews_Complete-Recording_11-10-77	27.165	27.405	that	0
DiPalma-Lally-Andrews_Complete-Recording_11-10-77	27.405	27.605	cut	0
DiPalma-Lally-Andrews_Complete-Recording_11-10-77	27.605	27.765	through	0
DiPalma-Lally-Andrews_Complete-Recording_11-10-77	27.765	27.885	the	0
DiPalma-Lally-Andrews_Complete-Recording_11-10-77	27.885	28.405	hopelessness	0
DiPalma-Lally-Andrews_Complete-Recording_11-10-77	28.405	28.565	of	0
DiPalma-Lally-Andrews_Complete-Recording_11-10-77	28.565	28.765	so	0
DiPalma-Lally-Andrews_Complete-Recording_11-10-77	28.765	28.925	much	0
DiPalma-Lally-Andrews_Complete-Recording_11-10-77	28.925	29.205	poetry	0
DiPalma-Lally-Andrews_Complete-Recording_11-10-77	29.385	29.605	and	0
DiPalma-Lally-Andrews_Complete-Recording_11-10-77	29.765	29.885	replaced	0
DiPalma-Lally-Andrews_Complete-Recording_11-10-77	29.885	30.045	it	0
DiPalma-Lally-Andrews_Complete-Recording_11-10-77	30.045	30.245	with	0
DiPalma-Lally-Andrews_Complete-Recording_11-10-77	30.245	30.365	the	0
DiPalma-Lally-Andrews_Complete-Recording_11-10-77	30.365	30.525	joy	0
DiPalma-Lally-Andrews_Complete-Recording_11-10-77	30.525	30.685	of	0
DiPalma-Lally-Andrews_Complete-Recording_11-10-77	30.685	30.925	writing	0
DiPalma-Lally-Andrews_Complete-Recording_11-10-77	30.925	31.125	the	0
DiPalma-Lally-Andrews_Complete-Recording_11-10-77	31.125	31.365	poem	0
DiPalma-Lally-Andrews_Complete-Recording_11-10-77	31.995	32.285	What	0
DiPalma-Lally-Andrews_Complete-Recording_11-10-77	32.325	32.445	a	0
DiPalma-Lally-Andrews_Complete-Recording_11-10-77	32.445	32.605	simple	0
DiPalma-Lally-Andrews_Complete-Recording_11-10-77	32.625	32.845	but	0
DiPalma-Lally-Andrews_Complete-Recording_11-10-77	32.845	33.165	wonderful	0
DiPalma-Lally-Andrews_Complete-Recording_11-10-77	33.165	33.765	revelation	0
DiPalma-Lally-Andrews_Complete-Recording_11-10-77	34.425	34.645	the	0
DiPalma-Lally-Andrews_Complete-Recording_11-10-77	35.055	35.275	joy	0
DiPalma-Lally-Andrews_Complete-Recording_11-10-77	35.275	35.475	of	0
DiPalma-Lally-Andrews_Complete-Recording_11-10-77	35.475	35.835	writing	0
DiPalma-Lally-Andrews_Complete-Recording_11-10-77	35.895	36.115	it	0
DiPalma-Lally-Andrews_Complete-Recording_11-10-77	36.115	36.275	down	0
DiPalma-Lally-Andrews_Complete-Recording_11-10-77	37.425	37.715	That	0
DiPalma-Lally-Andrews_Complete-Recording_11-10-77	37.715	37.875	was	0
DiPalma-Lally-Andrews_Complete-Recording_11-10-77	37.995	38.195	what	0
DiPalma-Lally-Andrews_Complete-Recording_11-10-77	39.145	39.435	that	0
DiPalma-Lally-Andrews_Complete-Recording_11-10-77	39.435	39.595	was	0
DiPalma-Lally-Andrews_Complete-Recording_11-10-77	39.595	39.795	what	0
DiPalma-Lally-Andrews_Complete-Recording_11-10-77	39.795	39.955	it	0
DiPalma-Lally-Andrews_Complete-Recording_11-10-77	40.075	40.155	suddenly	0
DiPalma-Lally-Andrews_Complete-Recording_11-10-77	40.175	40.595	seemed	0
DiPalma-Lally-Andrews_Complete-Recording_11-10-77	40.595	40.795	to	0
DiPalma-Lally-Andrews_Complete-Recording_11-10-77	40.795	40.915	be	0
DiPalma-Lally-Andrews_Complete-Recording_11-10-77	40.915	41.155	about	0
DiPalma-Lally-Andrews_Complete-Recording_11-10-77	41.215	41.435	in	0
DiPalma-Lally-Andrews_Complete-Recording_11-10-77	41.435	41.555	a	0
DiPalma-Lally-Andrews_Complete-Recording_11-10-77	41.555	41.675	way	0
DiPalma-Lally-Andrews_Complete-Recording_11-10-77	41.675	41.835	that	0
DiPalma-Lally-Andrews_Complete-Recording_11-10-77	41.835	42.035	made	0
DiPalma-Lally-Andrews_Complete-Recording_11-10-77	42.035	42.195	me	0
DiPalma-Lally-Andrews_Complete-Recording_11-10-77	42.195	42.355	think	0
DiPalma-Lally-Andrews_Complete-Recording_11-10-77	42.355	42.515	of	0
DiPalma-Lally-Andrews_Complete-Recording_11-10-77	42.515	42.675	all	0
DiPalma-Lally-Andrews_Complete-Recording_11-10-77	42.715	42.835	I	0
DiPalma-Lally-Andrews_Complete-Recording_11-10-77	42.835	42.995	had	0
DiPalma-Lally-Andrews_Complete-Recording_11-10-77	42.995	43.155	heard	0
DiPalma-Lally-Andrews_Complete-Recording_11-10-77	43.155	43.315	The	0
DiPalma-Lally-Andrews_Complete-Recording_11-10-77	43.315	43.635	painters	0
DiPalma-Lally-Andrews_Complete-Recording_11-10-77	43.635	43.755	of	0
DiPalma-Lally-Andrews_Complete-Recording_11-10-77	43.755	43.915	his	0
DiPalma-Lally-Andrews_Complete-Recording_11-10-77	43.915	44.075	time	0
DiPalma-Lally-Andrews_Complete-Recording_11-10-77	44.075	44.315	were	0
DiPalma-Lally-Andrews_Complete-Recording_11-10-77	44.315	44.555	trying	0
DiPalma-Lally-Andrews_Complete-Recording_11-10-77	44.555	44.715	to	0
DiPalma-Lally-Andrews_Complete-Recording_11-10-77	44.715	44.795	do	0
DiPalma-Lally-Andrews_Complete-Recording_11-10-77	44.935	45.155	get	0
DiPalma-Lally-Andrews_Complete-Recording_11-10-77	45.155	45.435	across	0
DiPalma-Lally-Andrews_Complete-Recording_11-10-77	45.455	45.675	the	0
DiPalma-Lally-Andrews_Complete-Recording_11-10-77	45.675	45.955	action	0
DiPalma-Lally-Andrews_Complete-Recording_11-10-77	45.955	46.115	of	0
DiPalma-Lally-Andrews_Complete-Recording_11-10-77	46.115	46.235	the	0
DiPalma-Lally-Andrews_Complete-Recording_11-10-77	46.435	46.555	creating	0
DiPalma-Lally-Andrews_Complete-Recording_11-10-77	46.555	46.915	rather	0
DiPalma-Lally-Andrews_Complete-Recording_11-10-77	46.915	47.115	than	0
DiPalma-Lally-Andrews_Complete-Recording_11-10-77	47.115	47.275	the	0
DiPalma-Lally-Andrews_Complete-Recording_11-10-77	47.275	47.435	product	0
DiPalma-Lally-Andrews_Complete-Recording_11-10-77	47.465	47.755	that	0
DiPalma-Lally-Andrews_Complete-Recording_11-10-77	47.755	47.915	was	0
DiPalma-Lally-Andrews_Complete-Recording_11-10-77	47.915	48.075	so	0
DiPalma-Lally-Andrews_Complete-Recording_11-10-77	48.275	48.355	finished	0
DiPalma-Lally-Andrews_Complete-Recording_11-10-77	48.375	48.595	It	0
DiPalma-Lally-Andrews_Complete-Recording_11-10-77	48.595	48.835	showed	0
DiPalma-Lally-Andrews_Complete-Recording_11-10-77	48.855	49.075	no	0
DiPalma-Lally-Andrews_Complete-Recording_11-10-77	49.075	49.315	signs	0
DiPalma-Lally-Andrews_Complete-Recording_11-10-77	49.315	49.515	of	0
DiPalma-Lally-Andrews_Complete-Recording_11-10-77	49.515	49.635	the	0
DiPalma-Lally-Andrews_Complete-Recording_11-10-77	49.875	49.995	activity	0
DiPalma-Lally-Andrews_Complete-Recording_11-10-77	50.175	50.395	the	0
DiPalma-Lally-Andrews_Complete-Recording_11-10-77	50.395	50.675	energy	0
DiPalma-Lally-Andrews_Complete-Recording_11-10-77	50.695	50.915	and	0
DiPalma-Lally-Andrews_Complete-Recording_11-10-77	50.915	51.155	spirit	0
DiPalma-Lally-Andrews_Complete-Recording_11-10-77	51.155	51.355	of	0
DiPalma-Lally-Andrews_Complete-Recording_11-10-77	51.355	51.475	the	0
DiPalma-Lally-Andrews_Complete-Recording_11-10-77	51.475	51.755	actual	0
DiPalma-Lally-Andrews_Complete-Recording_11-10-77	51.755	52.035	work	0
DiPalma-Lally-Andrews_Complete-Recording_11-10-77	52.305	52.595	that	0
DiPalma-Lally-Andrews_Complete-Recording_11-10-77	52.595	52.715	went	0
DiPalma-Lally-Andrews_Complete-Recording_11-10-77	52.715	52.915	into	0
DiPalma-Lally-Andrews_Complete-Recording_11-10-77	52.915	53.035	it	0
DiPalma-Lally-Andrews_Complete-Recording_11-10-77	53.655	53.875	O'	0
DiPalma-Lally-Andrews_Complete-Recording_11-10-77	53.875	54.035	Harris	0
DiPalma-Lally-Andrews_Complete-Recording_11-10-77	54.205	54.555	poems	0
DiPalma-Lally-Andrews_Complete-Recording_11-10-77	54.555	54.715	were	0
DiPalma-Lally-Andrews_Complete-Recording_11-10-77	54.715	54.955	little	0
DiPalma-Lally-Andrews_Complete-Recording_11-10-77	54.965	55.635	excursions	0
DiPalma-Lally-Andrews_Complete-Recording_11-10-77	55.635	55.915	into	0
DiPalma-Lally-Andrews_Complete-Recording_11-10-77	55.915	56.035	the	0
DiPalma-Lally-Andrews_Complete-Recording_11-10-77	56.035	56.235	act	0
DiPalma-Lally-Andrews_Complete-Recording_11-10-77	56.235	56.355	of	0
DiPalma-Lally-Andrews_Complete-Recording_11-10-77	56.435	56.635	writing	0
DiPalma-Lally-Andrews_Complete-Recording_11-10-77	56.805	57.155	poems	0
DiPalma-Lally-Andrews_Complete-Recording_11-10-77	57.465	57.755	with	0
DiPalma-Lally-Andrews_Complete-Recording_11-10-77	57.755	57.915	the	0
DiPalma-Lally-Andrews_Complete-Recording_11-10-77	57.915	58.075	kind	0
DiPalma-Lally-Andrews_Complete-Recording_11-10-77	58.075	58.195	of	0
DiPalma-Lally-Andrews_Complete-Recording_11-10-77	58.195	58.475	mindset	0
DiPalma-Lally-Andrews_Complete-Recording_11-10-77	58.625	58.915	that	0
DiPalma-Lally-Andrews_Complete-Recording_11-10-77	58.915	59.075	keeps	0
DiPalma-Lally-Andrews_Complete-Recording_11-10-77	59.075	59.275	us	0
DiPalma-Lally-Andrews_Complete-Recording_11-10-77	59.275	59.595	trying	0
DiPalma-Lally-Andrews_Complete-Recording_11-10-77	59.695	59.915	sex	0
DiPalma-Lally-Andrews_Complete-Recording_11-10-77	59.915	60.195	with	0
DiPalma-Lally-Andrews_Complete-Recording_11-10-77	60.395	60.675	strangers	0
DiPalma-Lally-Andrews_Complete-Recording_11-10-77	60.675	60.955	again	0
DiPalma-Lally-Andrews_Complete-Recording_11-10-77	60.955	61.115	and	0
DiPalma-Lally-Andrews_Complete-Recording_11-10-77	61.115	61.355	again	0
DiPalma-Lally-Andrews_Complete-Recording_11-10-77	61.975	62.195	the	0
DiPalma-Lally-Andrews_Complete-Recording_11-10-77	62.195	62.355	hope	0
DiPalma-Lally-Andrews_Complete-Recording_11-10-77	62.355	62.515	that	0
DiPalma-Lally-Andrews_Complete-Recording_11-10-77	62.515	62.715	this	0
DiPalma-Lally-Andrews_Complete-Recording_11-10-77	62.715	62.875	time	0
DiPalma-Lally-Andrews_Complete-Recording_11-10-77	62.895	63.115	is	0
DiPalma-Lally-Andrews_Complete-Recording_11-10-77	63.115	63.315	gonna	0
DiPalma-Lally-Andrews_Complete-Recording_11-10-77	63.315	63.475	be	0
DiPalma-Lally-Andrews_Complete-Recording_11-10-77	63.475	63.675	great	0
DiPalma-Lally-Andrews_Complete-Recording_11-10-77	64.595	64.885	give	0
DiPalma-Lally-Andrews_Complete-Recording_11-10-77	64.885	65.045	us	0
DiPalma-Lally-Andrews_Complete-Recording_11-10-77	65.045	65.325	much	0
DiPalma-Lally-Andrews_Complete-Recording_11-10-77	65.685	65.805	pleasure	0
DiPalma-Lally-Andrews_Complete-Recording_11-10-77	66.145	66.365	and	0
DiPalma-Lally-Andrews_Complete-Recording_11-10-77	66.365	66.685	satisfy	0
DiPalma-Lally-Andrews_Complete-Recording_11-10-77	66.965	67.085	a	0
DiPalma-Lally-Andrews_Complete-Recording_11-10-77	67.085	67.205	lot	0
DiPalma-Lally-Andrews_Complete-Recording_11-10-77	67.205	67.325	of	0
DiPalma-Lally-Andrews_Complete-Recording_11-10-77	67.605	67.925	frustration	0
DiPalma-Lally-Andrews_Complete-Recording_11-10-77	68.025	68.245	and	0
DiPalma-Lally-Andrews_Complete-Recording_11-10-77	68.245	68.525	totally	0
DiPalma-Lally-Andrews_Complete-Recording_11-10-77	68.845	69.045	null	0
DiPalma-Lally-Andrews_Complete-Recording_11-10-77	69.045	69.205	the	0
DiPalma-Lally-Andrews_Complete-Recording_11-10-77	69.205	69.485	boring	0
DiPalma-Lally-Andrews_Complete-Recording_11-10-77	70.005	70.045	horrible	0
DiPalma-Lally-Andrews_Complete-Recording_11-10-77	70.075	70.685	deadening	0
DiPalma-Lally-Andrews_Complete-Recording_11-10-77	70.685	71.005	killing	0
DiPalma-Lally-Andrews_Complete-Recording_11-10-77	71.065	71.485	effect	0
DiPalma-Lally-Andrews_Complete-Recording_11-10-77	71.485	71.845	effects	0
DiPalma-Lally-Andrews_Complete-Recording_11-10-77	71.865	72.085	of	0
DiPalma-Lally-Andrews_Complete-Recording_11-10-77	72.085	72.365	living	0
DiPalma-Lally-Andrews_Complete-Recording_11-10-77	72.385	72.605	the	0
DiPalma-Lally-Andrews_Complete-Recording_11-10-77	72.605	72.845	modern	0
DiPalma-Lally-Andrews_Complete-Recording_11-10-77	72.845	73.125	urban	0
DiPalma-Lally-Andrews_Complete-Recording_11-10-77	73.155	73.765	existence	0
DiPalma-Lally-Andrews_Complete-Recording_11-10-77	75.965	76.085	I	0
DiPalma-Lally-Andrews_Complete-Recording_11-10-77	76.125	76.245	think	0
DiPalma-Lally-Andrews_Complete-Recording_11-10-77	76.285	76.405	I	0
DiPalma-Lally-Andrews_Complete-Recording_11-10-77	76.805	77.085	rewrote	0
DiPalma-Lally-Andrews_Complete-Recording_11-10-77	77.085	77.245	that	0
DiPalma-Lally-Andrews_Complete-Recording_11-10-77	77.245	77.525	phrase	0
DiPalma-Lally-Andrews_Complete-Recording_11-10-77	78.385	78.605	but	0
DiPalma-Lally-Andrews_Complete-Recording_11-10-77	78.605	78.725	I	0
DiPalma-Lally-Andrews_Complete-Recording_11-10-77	78.725	78.885	still	0
DiPalma-Lally-Andrews_Complete-Recording_11-10-77	78.885	79.205	couldn't	0
DiPalma-Lally-Andrews_Complete-Recording_11-10-77	79.205	79.725	reconcile	0
DiPalma-Lally-Andrews_Complete-Recording_11-10-77	79.725	79.925	that	0
DiPalma-Lally-Andrews_Complete-Recording_11-10-77	79.925	80.365	achievement	0
DiPalma-Lally-Andrews_Complete-Recording_11-10-77	80.365	80.565	with	0
DiPalma-Lally-Andrews_Complete-Recording_11-10-77	80.565	80.685	the	0
DiPalma-Lally-Andrews_Complete-Recording_11-10-77	80.845	81.045	personal	0
DiPalma-Lally-Andrews_Complete-Recording_11-10-77	81.245	81.445	references	0
DiPalma-Lally-Andrews_Complete-Recording_11-10-77	81.445	81.765	though	0
DiPalma-Lally-Andrews_Complete-Recording_11-10-77	81.765	81.925	they	0
DiPalma-Lally-Andrews_Complete-Recording_11-10-77	81.925	82.045	were	0
DiPalma-Lally-Andrews_Complete-Recording_11-10-77	82.165	82.285	becoming	0
DiPalma-Lally-Andrews_Complete-Recording_11-10-77	82.315	82.605	more	0
DiPalma-Lally-Andrews_Complete-Recording_11-10-77	82.605	82.725	and	0
DiPalma-Lally-Andrews_Complete-Recording_11-10-77	82.725	82.845	more	0
DiPalma-Lally-Andrews_Complete-Recording_11-10-77	83.085	83.245	familiar	0
DiPalma-Lally-Andrews_Complete-Recording_11-10-77	83.265	83.485	and	0
DiPalma-Lally-Andrews_Complete-Recording_11-10-77	83.485	83.685	thus	0
DiPalma-Lally-Andrews_Complete-Recording_11-10-77	83.685	83.885	less	0
DiPalma-Lally-Andrews_Complete-Recording_11-10-77	83.885	84.045	and	0
DiPalma-Lally-Andrews_Complete-Recording_11-10-77	84.045	84.205	less	0
DiPalma-Lally-Andrews_Complete-Recording_11-10-77	84.235	84.725	elitist	0
DiPalma-Lally-Andrews_Complete-Recording_11-10-77	84.725	84.885	though	0
DiPalma-Lally-Andrews_Complete-Recording_11-10-77	84.885	85.085	still	0
DiPalma-Lally-Andrews_Complete-Recording_11-10-77	85.325	85.445	somewhat	0
DiPalma-Lally-Andrews_Complete-Recording_11-10-77	85.445	85.925	obscure	0
DiPalma-Lally-Andrews_Complete-Recording_11-10-77	86.395	86.685	Then	0
DiPalma-Lally-Andrews_Complete-Recording_11-10-77	86.705	86.925	one	0
DiPalma-Lally-Andrews_Complete-Recording_11-10-77	86.925	87.085	day	0
DiPalma-Lally-Andrews_Complete-Recording_11-10-77	87.165	87.285	I	0
DiPalma-Lally-Andrews_Complete-Recording_11-10-77	87.285	87.405	was	0
DiPalma-Lally-Andrews_Complete-Recording_11-10-77	87.565	87.685	teaching	0
DiPalma-Lally-Andrews_Complete-Recording_11-10-77	87.685	88.205	contemporary	0
DiPalma-Lally-Andrews_Complete-Recording_11-10-77	88.205	88.445	poetry	0
DiPalma-Lally-Andrews_Complete-Recording_11-10-77	88.585	88.805	to	0
DiPalma-Lally-Andrews_Complete-Recording_11-10-77	88.845	88.965	a	0
DiPalma-Lally-Andrews_Complete-Recording_11-10-77	88.965	89.125	college	0
DiPalma-Lally-Andrews_Complete-Recording_11-10-77	89.125	89.405	class	0
DiPalma-Lally-Andrews_Complete-Recording_11-10-77	89.465	89.685	and	0
DiPalma-Lally-Andrews_Complete-Recording_11-10-77	89.685	89.885	talking	0
DiPalma-Lally-Andrews_Complete-Recording_11-10-77	89.885	90.085	about	0
DiPalma-Lally-Andrews_Complete-Recording_11-10-77	90.125	90.245	a	0
DiPalma-Lally-Andrews_Complete-Recording_11-10-77	90.245	90.405	poem	0
DiPalma-Lally-Andrews_Complete-Recording_11-10-77	90.405	90.565	of	0
DiPalma-Lally-Andrews_Complete-Recording_11-10-77	90.565	90.845	Harris	0
DiPalma-Lally-Andrews_Complete-Recording_11-10-77	91.005	91.125	I	0
DiPalma-Lally-Andrews_Complete-Recording_11-10-77	91.125	91.245	think	0
DiPalma-Lally-Andrews_Complete-Recording_11-10-77	91.245	91.325	it	0
DiPalma-Lally-Andrews_Complete-Recording_11-10-77	91.325	91.405	was	0
DiPalma-Lally-Andrews_Complete-Recording_11-10-77	91.485	91.605	a	0
DiPalma-Lally-Andrews_Complete-Recording_11-10-77	91.605	91.805	step	0
DiPalma-Lally-Andrews_Complete-Recording_11-10-77	91.805	92.045	away	0
DiPalma-Lally-Andrews_Complete-Recording_11-10-77	92.045	92.165	from	0
DiPalma-Lally-Andrews_Complete-Recording_11-10-77	92.165	92.325	them	0
DiPalma-Lally-Andrews_Complete-Recording_11-10-77	92.735	93.085	after	0
DiPalma-Lally-Andrews_Complete-Recording_11-10-77	93.085	93.365	talking	0
DiPalma-Lally-Andrews_Complete-Recording_11-10-77	93.365	93.605	about	0
DiPalma-Lally-Andrews_Complete-Recording_11-10-77	93.605	93.765	the	0
DiPalma-Lally-Andrews_Complete-Recording_11-10-77	93.835	94.125	poem	0
DiPalma-Lally-Andrews_Complete-Recording_11-10-77	94.205	94.525	steps	0
DiPalma-Lally-Andrews_Complete-Recording_11-10-77	94.525	94.725	and	0
DiPalma-Lally-Andrews_Complete-Recording_11-10-77	94.725	94.885	how	0
DiPalma-Lally-Andrews_Complete-Recording_11-10-77	94.885	95.005	it	0
DiPalma-Lally-Andrews_Complete-Recording_11-10-77	95.005	95.405	overcame	0
DiPalma-Lally-Andrews_Complete-Recording_11-10-77	95.405	95.525	the	0
DiPalma-Lally-Andrews_Complete-Recording_11-10-77	95.525	95.765	sadness	0
DiPalma-Lally-Andrews_Complete-Recording_11-10-77	95.865	96.085	of	0
DiPalma-Lally-Andrews_Complete-Recording_11-10-77	96.085	96.445	love's	0
DiPalma-Lally-Andrews_Complete-Recording_11-10-77	96.445	96.605	ending	0
DiPalma-Lally-Andrews_Complete-Recording_11-10-77	96.625	96.845	or	0
DiPalma-Lally-Andrews_Complete-Recording_11-10-77	96.845	97.045	going	0
DiPalma-Lally-Andrews_Complete-Recording_11-10-77	97.195	97.485	sour	0
DiPalma-Lally-Andrews_Complete-Recording_11-10-77	97.515	97.805	amid	0
DiPalma-Lally-Andrews_Complete-Recording_11-10-77	97.805	97.925	the	0
DiPalma-Lally-Andrews_Complete-Recording_11-10-77	97.925	98.085	big	0
DiPalma-Lally-Andrews_Complete-Recording_11-10-77	98.085	98.285	city	0
DiPalma-Lally-Andrews_Complete-Recording_11-10-77	98.295	98.645	grind	0
DiPalma-Lally-Andrews_Complete-Recording_11-10-77	98.705	98.925	And	0
DiPalma-Lally-Andrews_Complete-Recording_11-10-77	98.925	99.045	in	0
DiPalma-Lally-Andrews_Complete-Recording_11-10-77	99.045	99.525	discussing	0
DiPalma-Lally-Andrews_Complete-Recording_11-10-77	99.525	99.685	how	0
DiPalma-Lally-Andrews_Complete-Recording_11-10-77	99.685	99.845	it	0
DiPalma-Lally-Andrews_Complete-Recording_11-10-77	99.845	100.005	did	0
DiPalma-Lally-Andrews_Complete-Recording_11-10-77	100.005	100.205	this	0
DiPalma-Lally-Andrews_Complete-Recording_11-10-77	100.385	100.805	mostly	0
DiPalma-Lally-Andrews_Complete-Recording_11-10-77	100.805	101.205	through	0
DiPalma-Lally-Andrews_Complete-Recording_11-10-77	101.205	101.325	the	0
DiPalma-Lally-Andrews_Complete-Recording_11-10-77	101.405	101.565	structure	0
DiPalma-Lally-Andrews_Complete-Recording_11-10-77	101.565	101.765	of	0
DiPalma-Lally-Andrews_Complete-Recording_11-10-77	101.765	101.885	the	0
DiPalma-Lally-Andrews_Complete-Recording_11-10-77	101.885	102.085	poem	0
DiPalma-Lally-Andrews_Complete-Recording_11-10-77	102.085	102.325	because	0
DiPalma-Lally-Andrews_Complete-Recording_11-10-77	102.325	102.525	by	0
DiPalma-Lally-Andrews_Complete-Recording_11-10-77	102.525	102.685	then	0
DiPalma-Lally-Andrews_Complete-Recording_11-10-77	102.705	102.925	I'd	0
DiPalma-Lally-Andrews_Complete-Recording_11-10-77	102.925	103.085	learned	0
DiPalma-Lally-Andrews_Complete-Recording_11-10-77	103.085	103.245	so	0
DiPalma-Lally-Andrews_Complete-Recording_11-10-77	103.245	103.365	much	0
DiPalma-Lally-Andrews_Complete-Recording_11-10-77	103.365	103.565	about	0
DiPalma-Lally-Andrews_Complete-Recording_11-10-77	103.845	103.965	movement	0
DiPalma-Lally-Andrews_Complete-Recording_11-10-77	103.965	104.125	and	0
DiPalma-Lally-Andrews_Complete-Recording_11-10-77	104.125	104.285	rhythm	0
DiPalma-Lally-Andrews_Complete-Recording_11-10-77	104.345	104.565	and	0
DiPalma-Lally-Andrews_Complete-Recording_11-10-77	104.765	105.045	construction	0
DiPalma-Lally-Andrews_Complete-Recording_11-10-77	105.085	105.205	I	0
DiPalma-Lally-Andrews_Complete-Recording_11-10-77	105.205	105.325	could	0
DiPalma-Lally-Andrews_Complete-Recording_11-10-77	105.325	105.445	see	0
DiPalma-Lally-Andrews_Complete-Recording_11-10-77	105.445	105.605	how	0
DiPalma-Lally-Andrews_Complete-Recording_11-10-77	105.605	105.845	well	0
DiPalma-Lally-Andrews_Complete-Recording_11-10-77	105.845	106.085	made	0
DiPalma-Lally-Andrews_Complete-Recording_11-10-77	106.085	106.605	O'Hara's	0
DiPalma-Lally-Andrews_Complete-Recording_11-10-77	106.605	106.845	poems	0
DiPalma-Lally-Andrews_Complete-Recording_11-10-77	106.845	107.005	are	0
DiPalma-Lally-Andrews_Complete-Recording_11-10-77	107.005	107.405	despite	0
DiPalma-Lally-Andrews_Complete-Recording_11-10-77	107.705	107.925	or	0
DiPalma-Lally-Andrews_Complete-Recording_11-10-77	107.925	108.125	maybe	0
DiPalma-Lally-Andrews_Complete-Recording_11-10-77	108.125	108.405	because	0
DiPalma-Lally-Andrews_Complete-Recording_11-10-77	108.405	108.605	of	0
DiPalma-Lally-Andrews_Complete-Recording_11-10-77	108.605	108.765	their	0
DiPalma-Lally-Andrews_Complete-Recording_11-10-77	108.765	109.405	conversational	0
DiPalma-Lally-Andrews_Complete-Recording_11-10-77	109.475	109.765	flow	0
DiPalma-Lally-Andrews_Complete-Recording_11-10-77	109.765	109.925	and	0
DiPalma-Lally-Andrews_Complete-Recording_11-10-77	109.925	110.045	in	0
DiPalma-Lally-Andrews_Complete-Recording_11-10-77	110.045	110.125	the	0
DiPalma-Lally-Andrews_Complete-Recording_11-10-77	110.125	110.325	process	0
DiPalma-Lally-Andrews_Complete-Recording_11-10-77	110.325	110.525	of	0
DiPalma-Lally-Andrews_Complete-Recording_11-10-77	110.525	111.085	explaining	0
DiPalma-Lally-Andrews_Complete-Recording_11-10-77	111.085	111.205	why	0
DiPalma-Lally-Andrews_Complete-Recording_11-10-77	111.205	111.365	the	0
DiPalma-Lally-Andrews_Complete-Recording_11-10-77	111.415	111.765	poems	0
DiPalma-Lally-Andrews_Complete-Recording_11-10-77	111.765	111.965	were	0
DiPalma-Lally-Andrews_Complete-Recording_11-10-77	111.965	112.125	good	0
DiPalma-Lally-Andrews_Complete-Recording_11-10-77	112.125	112.365	from	0
DiPalma-Lally-Andrews_Complete-Recording_11-10-77	112.485	112.605	a	0
DiPalma-Lally-Andrews_Complete-Recording_11-10-77	112.845	113.005	strategic	0
DiPalma-Lally-Andrews_Complete-Recording_11-10-77	113.065	113.285	and	0
DiPalma-Lally-Andrews_Complete-Recording_11-10-77	113.445	113.725	structural	0
DiPalma-Lally-Andrews_Complete-Recording_11-10-77	113.725	114.005	point	0
DiPalma-Lally-Andrews_Complete-Recording_11-10-77	114.005	114.125	of	0
DiPalma-Lally-Andrews_Complete-Recording_11-10-77	114.125	114.285	view	0
DiPalma-Lally-Andrews_Complete-Recording_11-10-77	114.285	114.565	because	0
DiPalma-Lally-Andrews_Complete-Recording_11-10-77	114.565	114.845	they	0
DiPalma-Lally-Andrews_Complete-Recording_11-10-77	114.845	115.285	accomplished	0
DiPalma-Lally-Andrews_Complete-Recording_11-10-77	115.285	115.525	this	0
DiPalma-Lally-Andrews_Complete-Recording_11-10-77	115.525	115.765	message	0
DiPalma-Lally-Andrews_Complete-Recording_11-10-77	115.825	116.045	of	0
DiPalma-Lally-Andrews_Complete-Recording_11-10-77	116.045	116.245	hope	0
DiPalma-Lally-Andrews_Complete-Recording_11-10-77	116.665	116.885	in	0
DiPalma-Lally-Andrews_Complete-Recording_11-10-77	116.885	117.005	the	0
DiPalma-Lally-Andrews_Complete-Recording_11-10-77	117.005	117.165	face	0
DiPalma-Lally-Andrews_Complete-Recording_11-10-77	117.165	117.325	of	0
DiPalma-Lally-Andrews_Complete-Recording_11-10-77	117.325	117.885	contemporary	0
DiPalma-Lally-Andrews_Complete-Recording_11-10-77	117.885	118.365	despair	0
DiPalma-Lally-Andrews_Complete-Recording_11-10-77	118.365	118.525	And	0
DiPalma-Lally-Andrews_Complete-Recording_11-10-77	118.525	118.885	despite	0
DiPalma-Lally-Andrews_Complete-Recording_11-10-77	118.885	119.485	well-founded	0
DiPalma-Lally-Andrews_Complete-Recording_11-10-77	119.485	119.725	reasons	0
DiPalma-Lally-Andrews_Complete-Recording_11-10-77	119.745	119.965	for	0
DiPalma-Lally-Andrews_Complete-Recording_11-10-77	119.965	120.445	lamenting	0
DiPalma-Lally-Andrews_Complete-Recording_11-10-77	120.445	120.605	our	0
DiPalma-Lally-Andrews_Complete-Recording_11-10-77	120.605	120.925	condition	0
DiPalma-Lally-Andrews_Complete-Recording_11-10-77	120.925	121.125	or	0
DiPalma-Lally-Andrews_Complete-Recording_11-10-77	121.145	121.365	his	0
DiPalma-Lally-Andrews_Complete-Recording_11-10-77	121.365	121.725	condition	0
DiPalma-Lally-Andrews_Complete-Recording_11-10-77	121.725	121.885	in	0
DiPalma-Lally-Andrews_Complete-Recording_11-10-77	121.885	122.005	the	0
DiPalma-Lally-Andrews_Complete-Recording_11-10-77	122.165	122.325	specific	0
DiPalma-Lally-Andrews_Complete-Recording_11-10-77	122.325	123.005	circumstances	0
DiPalma-Lally-Andrews_Complete-Recording_11-10-77	123.065	123.285	of	0
DiPalma-Lally-Andrews_Complete-Recording_11-10-77	123.285	123.445	the	0
DiPalma-Lally-Andrews_Complete-Recording_11-10-77	123.445	123.685	poem	0
DiPalma-Lally-Andrews_Complete-Recording_11-10-77	124.145	124.365	and	0
DiPalma-Lally-Andrews_Complete-Recording_11-10-77	124.365	124.565	did	0
DiPalma-Lally-Andrews_Complete-Recording_11-10-77	124.565	124.685	it	0
DiPalma-Lally-Andrews_Complete-Recording_11-10-77	124.685	124.845	through	0
DiPalma-Lally-Andrews_Complete-Recording_11-10-77	124.845	125.285	technical	0
DiPalma-Lally-Andrews_Complete-Recording_11-10-77	125.285	125.605	agility	0
DiPalma-Lally-Andrews_Complete-Recording_11-10-77	125.745	125.965	so	0
DiPalma-Lally-Andrews_Complete-Recording_11-10-77	125.965	126.405	refined	0
DiPalma-Lally-Andrews_Complete-Recording_11-10-77	126.405	126.525	the	0
DiPalma-Lally-Andrews_Complete-Recording_11-10-77	126.525	126.685	surface	0
DiPalma-Lally-Andrews_Complete-Recording_11-10-77	126.765	127.325	ambience	0
DiPalma-Lally-Andrews_Complete-Recording_11-10-77	127.325	127.445	of	0
DiPalma-Lally-Andrews_Complete-Recording_11-10-77	127.445	127.645	ease	0
DiPalma-Lally-Andrews_Complete-Recording_11-10-77	127.645	127.805	and	0
DiPalma-Lally-Andrews_Complete-Recording_11-10-77	127.805	127.925	a	0
DiPalma-Lally-Andrews_Complete-Recording_11-10-77	127.925	128.085	kind	0
DiPalma-Lally-Andrews_Complete-Recording_11-10-77	128.085	128.165	of	0
DiPalma-Lally-Andrews_Complete-Recording_11-10-77	128.195	128.485	glib	0
DiPalma-Lally-Andrews_Complete-Recording_11-10-77	128.485	128.765	grace	0
DiPalma-Lally-Andrews_Complete-Recording_11-10-77	128.785	129.005	was	0
DiPalma-Lally-Andrews_Complete-Recording_11-10-77	129.005	129.325	hardly	0
DiPalma-Lally-Andrews_Complete-Recording_11-10-77	129.435	130.045	disturbed	0
DiPalma-Lally-Andrews_Complete-Recording_11-10-77	130.285	130.365	Suddenly	0
DiPalma-Lally-Andrews_Complete-Recording_11-10-77	130.565	130.685	I	0
DiPalma-Lally-Andrews_Complete-Recording_11-10-77	130.685	130.885	caught	0
DiPalma-Lally-Andrews_Complete-Recording_11-10-77	130.885	131.245	myself	0
DiPalma-Lally-Andrews_Complete-Recording_11-10-77	131.525	131.605	starting	0
DiPalma-Lally-Andrews_Complete-Recording_11-10-77	131.605	131.805	to	0
DiPalma-Lally-Andrews_Complete-Recording_11-10-77	131.805	132.005	cry	0
DiPalma-Lally-Andrews_Complete-Recording_11-10-77	132.025	132.245	and	0
DiPalma-Lally-Andrews_Complete-Recording_11-10-77	132.245	132.365	I	0
DiPalma-Lally-Andrews_Complete-Recording_11-10-77	132.365	132.485	never	0
DiPalma-Lally-Andrews_Complete-Recording_11-10-77	132.485	132.765	cried	0
DiPalma-Lally-Andrews_Complete-Recording_11-10-77	132.765	133.005	back	0
DiPalma-Lally-Andrews_Complete-Recording_11-10-77	133.005	133.205	then	0
DiPalma-Lally-Andrews_Complete-Recording_11-10-77	133.225	133.445	In	0
DiPalma-Lally-Andrews_Complete-Recording_11-10-77	133.445	133.605	fact	0
DiPalma-Lally-Andrews_Complete-Recording_11-10-77	133.605	133.965	except	0
DiPalma-Lally-Andrews_Complete-Recording_11-10-77	133.965	134.165	for	0
DiPalma-Lally-Andrews_Complete-Recording_11-10-77	134.205	134.325	a	0
DiPalma-Lally-Andrews_Complete-Recording_11-10-77	134.325	134.525	short	0
DiPalma-Lally-Andrews_Complete-Recording_11-10-77	134.525	134.925	interlude	0
DiPalma-Lally-Andrews_Complete-Recording_11-10-77	134.925	135.085	of	0
DiPalma-Lally-Andrews_Complete-Recording_11-10-77	135.085	135.285	about	0
DiPalma-Lally-Andrews_Complete-Recording_11-10-77	135.285	135.405	a	0
DiPalma-Lally-Andrews_Complete-Recording_11-10-77	135.405	135.565	year	0
DiPalma-Lally-Andrews_Complete-Recording_11-10-77	135.565	135.725	of	0
DiPalma-Lally-Andrews_Complete-Recording_11-10-77	135.725	136.245	weepiness	0
DiPalma-Lally-Andrews_Complete-Recording_11-10-77	136.325	136.445	I	0
DiPalma-Lally-Andrews_Complete-Recording_11-10-77	136.445	136.605	never	0
DiPalma-Lally-Andrews_Complete-Recording_11-10-77	136.605	136.845	cried	0
DiPalma-Lally-Andrews_Complete-Recording_11-10-77	136.845	137.205	period	0
DiPalma-Lally-Andrews_Complete-Recording_11-10-77	137.785	138.205	except	0
DiPalma-Lally-Andrews_Complete-Recording_11-10-77	138.205	138.485	over	0
DiPalma-Lally-Andrews_Complete-Recording_11-10-77	138.505	138.725	old	0
DiPalma-Lally-Andrews_Complete-Recording_11-10-77	138.725	138.965	movies	0
DiPalma-Lally-Andrews_Complete-Recording_11-10-77	139.025	139.245	and	0
DiPalma-Lally-Andrews_Complete-Recording_11-10-77	139.245	139.725	musicals	0
DiPalma-Lally-Andrews_Complete-Recording_11-10-77	139.745	139.965	and	0
DiPalma-Lally-Andrews_Complete-Recording_11-10-77	139.965	140.085	it	0
DiPalma-Lally-Andrews_Complete-Recording_11-10-77	140.085	140.205	was	0
DiPalma-Lally-Andrews_Complete-Recording_11-10-77	140.205	140.405	that	0
DiPalma-Lally-Andrews_Complete-Recording_11-10-77	140.405	140.925	heartstring	0
DiPalma-Lally-Andrews_Complete-Recording_11-10-77	140.945	141.365	O'Hara	0
DiPalma-Lally-Andrews_Complete-Recording_11-10-77	141.365	141.565	had	0
DiPalma-Lally-Andrews_Complete-Recording_11-10-77	141.685	141.765	suddenly	0
DiPalma-Lally-Andrews_Complete-Recording_11-10-77	142.045	142.245	plucked	0
DiPalma-Lally-Andrews_Complete-Recording_11-10-77	142.245	142.365	in	0
DiPalma-Lally-Andrews_Complete-Recording_11-10-77	142.365	142.485	me	0
DiPalma-Lally-Andrews_Complete-Recording_11-10-77	142.485	142.725	through	0
DiPalma-Lally-Andrews_Complete-Recording_11-10-77	142.725	142.885	his	0
DiPalma-Lally-Andrews_Complete-Recording_11-10-77	142.885	143.125	poetry	0
DiPalma-Lally-Andrews_Complete-Recording_11-10-77	143.235	143.525	that	0
DiPalma-Lally-Andrews_Complete-Recording_11-10-77	143.645	143.725	sang	0
DiPalma-Lally-Andrews_Complete-Recording_11-10-77	143.785	144.005	so	0
DiPalma-Lally-Andrews_Complete-Recording_11-10-77	144.005	144.445	naturally	0
DiPalma-Lally-Andrews_Complete-Recording_11-10-77	144.445	144.605	and	0
DiPalma-Lally-Andrews_Complete-Recording_11-10-77	144.605	144.805	yet	0
DiPalma-Lally-Andrews_Complete-Recording_11-10-77	144.805	145.245	skillfully	0
DiPalma-Lally-Andrews_Complete-Recording_11-10-77	145.245	145.365	of	0
DiPalma-Lally-Andrews_Complete-Recording_11-10-77	145.365	145.765	overcoming	0
DiPalma-Lally-Andrews_Complete-Recording_11-10-77	145.795	146.405	stupidity	0
DiPalma-Lally-Andrews_Complete-Recording_11-10-77	146.405	146.565	and	0
DiPalma-Lally-Andrews_Complete-Recording_11-10-77	146.725	146.965	tedious	0
DiPalma-Lally-Andrews_Complete-Recording_11-10-77	147.065	147.285	of	0
DiPalma-Lally-Andrews_Complete-Recording_11-10-77	147.285	147.485	so	0
DiPalma-Lally-Andrews_Complete-Recording_11-10-77	147.485	147.645	much	0
DiPalma-Lally-Andrews_Complete-Recording_11-10-77	147.645	147.765	of	0
DiPalma-Lally-Andrews_Complete-Recording_11-10-77	147.765	148.045	life	0
DiPalma-Lally-Andrews_Complete-Recording_11-10-77	149.675	149.895	the	0
DiPalma-Lally-Andrews_Complete-Recording_11-10-77	149.895	150.095	true	0
DiPalma-Lally-Andrews_Complete-Recording_11-10-77	150.455	150.655	romantic	0
DiPalma-Lally-Andrews_Complete-Recording_11-10-77	150.685	150.975	only	0
DiPalma-Lally-Andrews_Complete-Recording_11-10-77	150.975	151.295	without	0
DiPalma-Lally-Andrews_Complete-Recording_11-10-77	151.295	151.455	the	0
DiPalma-Lally-Andrews_Complete-Recording_11-10-77	151.455	151.935	pretentious	0
DiPalma-Lally-Andrews_Complete-Recording_11-10-77	151.995	152.215	and	0
DiPalma-Lally-Andrews_Complete-Recording_11-10-77	152.215	152.415	really	0
DiPalma-Lally-Andrews_Complete-Recording_11-10-77	152.445	152.935	elitist	0
DiPalma-Lally-Andrews_Complete-Recording_11-10-77	152.935	153.615	self-conscious	0
DiPalma-Lally-Andrews_Complete-Recording_11-10-77	153.615	153.735	and	0
DiPalma-Lally-Andrews_Complete-Recording_11-10-77	153.735	154.535	self-satisfied	0
DiPalma-Lally-Andrews_Complete-Recording_11-10-77	154.535	155.175	seriousness	0
DiPalma-Lally-Andrews_Complete-Recording_11-10-77	155.175	155.375	of	0
DiPalma-Lally-Andrews_Complete-Recording_11-10-77	155.375	155.495	the	0
DiPalma-Lally-Andrews_Complete-Recording_11-10-77	155.495	155.735	walking	0
DiPalma-Lally-Andrews_Complete-Recording_11-10-77	155.795	156.215	wounds	0
DiPalma-Lally-Andrews_Complete-Recording_11-10-77	156.215	156.335	of	0
DiPalma-Lally-Andrews_Complete-Recording_11-10-77	156.335	156.895	contemporary	0
DiPalma-Lally-Andrews_Complete-Recording_11-10-77	156.895	157.215	poetry	0
DiPalma-Lally-Andrews_Complete-Recording_11-10-77	157.215	157.655	Because	0
DiPalma-Lally-Andrews_Complete-Recording_11-10-77	157.715	157.935	by	0
DiPalma-Lally-Andrews_Complete-Recording_11-10-77	157.935	158.295	mocking	0
DiPalma-Lally-Andrews_Complete-Recording_11-10-77	158.295	158.455	the	0
DiPalma-Lally-Andrews_Complete-Recording_11-10-77	158.455	158.655	tone	0
DiPalma-Lally-Andrews_Complete-Recording_11-10-77	158.655	158.815	of	0
DiPalma-Lally-Andrews_Complete-Recording_11-10-77	158.815	158.935	the	0
DiPalma-Lally-Andrews_Complete-Recording_11-10-77	158.935	159.135	real	0
DiPalma-Lally-Andrews_Complete-Recording_11-10-77	159.135	159.335	and	0
DiPalma-Lally-Andrews_Complete-Recording_11-10-77	159.575	159.735	original	0
DiPalma-Lally-Andrews_Complete-Recording_11-10-77	160.015	160.415	romantics	0
DiPalma-Lally-Andrews_Complete-Recording_11-10-77	160.415	160.695	partly	0
DiPalma-Lally-Andrews_Complete-Recording_11-10-77	160.695	160.895	through	0
DiPalma-Lally-Andrews_Complete-Recording_11-10-77	160.895	160.975	the	0
DiPalma-Lally-Andrews_Complete-Recording_11-10-77	160.975	161.135	use	0
DiPalma-Lally-Andrews_Complete-Recording_11-10-77	161.135	161.255	of	0
DiPalma-Lally-Andrews_Complete-Recording_11-10-77	161.255	161.735	quotation	0
DiPalma-Lally-Andrews_Complete-Recording_11-10-77	161.735	162.055	marks	0
DiPalma-Lally-Andrews_Complete-Recording_11-10-77	162.055	162.175	in	0
DiPalma-Lally-Andrews_Complete-Recording_11-10-77	162.285	162.775	italics	0
DiPalma-Lally-Andrews_Complete-Recording_11-10-77	162.985	163.335	which	0
DiPalma-Lally-Andrews_Complete-Recording_11-10-77	163.335	163.495	is	0
DiPalma-Lally-Andrews_Complete-Recording_11-10-77	163.495	163.615	a	0
DiPalma-Lally-Andrews_Complete-Recording_11-10-77	163.615	163.815	sort	0
DiPalma-Lally-Andrews_Complete-Recording_11-10-77	163.815	163.935	of	0
DiPalma-Lally-Andrews_Complete-Recording_11-10-77	163.935	164.175	what	0
DiPalma-Lally-Andrews_Complete-Recording_11-10-77	164.175	164.495	can't	0
DiPalma-Lally-Andrews_Complete-Recording_11-10-77	164.495	164.575	be	0
DiPalma-Lally-Andrews_Complete-Recording_11-10-77	164.775	164.975	dialogue	0
DiPalma-Lally-Andrews_Complete-Recording_11-10-77	164.975	165.215	often	0
DiPalma-Lally-Andrews_Complete-Recording_11-10-77	165.215	165.615	depends	0
DiPalma-Lally-Andrews_Complete-Recording_11-10-77	165.615	165.815	on	0
DiPalma-Lally-Andrews_Complete-Recording_11-10-77	165.815	166.015	as	0
DiPalma-Lally-Andrews_Complete-Recording_11-10-77	166.015	166.255	others	0
DiPalma-Lally-Andrews_Complete-Recording_11-10-77	166.255	166.415	have	0
DiPalma-Lally-Andrews_Complete-Recording_11-10-77	166.415	166.735	pointed	0
DiPalma-Lally-Andrews_Complete-Recording_11-10-77	166.735	166.935	out	0
DiPalma-Lally-Andrews_Complete-Recording_11-10-77	166.935	167.135	it	0
DiPalma-Lally-Andrews_Complete-Recording_11-10-77	167.135	167.255	means	0
DiPalma-Lally-Andrews_Complete-Recording_11-10-77	167.255	167.695	talking	0
DiPalma-Lally-Andrews_Complete-Recording_11-10-77	167.795	168.015	in	0
DiPalma-Lally-Andrews_Complete-Recording_11-10-77	168.205	168.695	italics	0
DiPalma-Lally-Andrews_Complete-Recording_11-10-77	169.345	169.565	and	0
DiPalma-Lally-Andrews_Complete-Recording_11-10-77	169.565	170.205	exclamation	0
DiPalma-Lally-Andrews_Complete-Recording_11-10-77	170.205	170.445	points	0
DiPalma-Lally-Andrews_Complete-Recording_11-10-77	170.505	170.725	and	0
DiPalma-Lally-Andrews_Complete-Recording_11-10-77	170.725	171.365	exclamations	0
DiPalma-Lally-Andrews_Complete-Recording_11-10-77	171.425	171.645	oh	0
DiPalma-Lally-Andrews_Complete-Recording_11-10-77	171.645	171.845	he	0
DiPalma-Lally-Andrews_Complete-Recording_11-10-77	171.845	172.005	was	0
DiPalma-Lally-Andrews_Complete-Recording_11-10-77	172.005	172.205	making	0
DiPalma-Lally-Andrews_Complete-Recording_11-10-77	172.205	172.605	himself	0
DiPalma-Lally-Andrews_Complete-Recording_11-10-77	172.605	173.085	vulnerable	0
DiPalma-Lally-Andrews_Complete-Recording_11-10-77	173.085	173.285	to	0
DiPalma-Lally-Andrews_Complete-Recording_11-10-77	173.325	173.445	a	0
DiPalma-Lally-Andrews_Complete-Recording_11-10-77	173.445	173.845	two-edged	0
DiPalma-Lally-Andrews_Complete-Recording_11-10-77	174.045	174.325	scalpel	0
DiPalma-Lally-Andrews_Complete-Recording_11-10-77	174.325	174.725	Unlike	0
DiPalma-Lally-Andrews_Complete-Recording_11-10-77	174.725	174.885	the	0
DiPalma-Lally-Andrews_Complete-Recording_11-10-77	174.885	175.365	confessional	0
DiPalma-Lally-Andrews_Complete-Recording_11-10-77	175.455	175.805	poets	0
DiPalma-Lally-Andrews_Complete-Recording_11-10-77	175.805	175.925	and	0
DiPalma-Lally-Andrews_Complete-Recording_11-10-77	175.925	176.045	others	0
DiPalma-Lally-Andrews_Complete-Recording_11-10-77	176.045	176.245	of	0
DiPalma-Lally-Andrews_Complete-Recording_11-10-77	176.245	176.405	his	0
DiPalma-Lally-Andrews_Complete-Recording_11-10-77	176.405	177.005	contemporaries	0
DiPalma-Lally-Andrews_Complete-Recording_11-10-77	177.475	177.765	even	0
DiPalma-Lally-Andrews_Complete-Recording_11-10-77	177.765	177.965	the	0
DiPalma-Lally-Andrews_Complete-Recording_11-10-77	178.165	178.285	seemingly	0
DiPalma-Lally-Andrews_Complete-Recording_11-10-77	178.285	178.645	honest	0
DiPalma-Lally-Andrews_Complete-Recording_11-10-77	178.815	179.165	Beats	1
DiPalma-Lally-Andrews_Complete-Recording_11-10-77	179.205	179.365	who	1
DiPalma-Lally-Andrews_Complete-Recording_11-10-77	179.365	179.605	always	1
DiPalma-Lally-Andrews_Complete-Recording_11-10-77	179.605	180.005	exposed	1
DiPalma-Lally-Andrews_Complete-Recording_11-10-77	180.005	180.445	themselves	1
DiPalma-Lally-Andrews_Complete-Recording_11-10-77	180.445	180.645	in	1
DiPalma-Lally-Andrews_Complete-Recording_11-10-77	180.645	180.845	ways	1
DiPalma-Lally-Andrews_Complete-Recording_11-10-77	180.845	181.085	that	1
DiPalma-Lally-Andrews_Complete-Recording_11-10-77	181.085	181.565	demanded	1
DiPalma-Lally-Andrews_Complete-Recording_11-10-77	181.765	181.925	applause	1
DiPalma-Lally-Andrews_Complete-Recording_11-10-77	182.025	182.245	or	1
DiPalma-Lally-Andrews_Complete-Recording_11-10-77	182.245	182.845	appreciation	1
DiPalma-Lally-Andrews_Complete-Recording_11-10-77	182.905	183.125	for	1
DiPalma-Lally-Andrews_Complete-Recording_11-10-77	183.125	183.245	the	1
DiPalma-Lally-Andrews_Complete-Recording_11-10-77	183.245	183.485	courage	1
DiPalma-Lally-Andrews_Complete-Recording_11-10-77	183.505	183.725	of	1
DiPalma-Lally-Andrews_Complete-Recording_11-10-77	183.725	183.845	the	1
DiPalma-Lally-Andrews_Complete-Recording_11-10-77	184.045	184.245	exposure	1
DiPalma-Lally-Andrews_Complete-Recording_11-10-77	184.505	184.725	or	1
DiPalma-Lally-Andrews_Complete-Recording_11-10-77	184.725	184.845	the	1
DiPalma-Lally-Andrews_Complete-Recording_11-10-77	184.845	185.125	extent	1
DiPalma-Lally-Andrews_Complete-Recording_11-10-77	185.125	185.285	of	1
DiPalma-Lally-Andrews_Complete-Recording_11-10-77	185.285	186.085	self-destruction	1
DiPalma-Lally-Andrews_Complete-Recording_11-10-77	186.085	186.245	the	1
DiPalma-Lally-Andrews_Complete-Recording_11-10-77	186.405	186.565	exposure	1
DiPalma-Lally-Andrews_Complete-Recording_11-10-77	186.585	187.005	caused	1
DiPalma-Lally-Andrews_Complete-Recording_11-10-77	187.065	187.285	or	1
DiPalma-Lally-Andrews_Complete-Recording_11-10-77	187.285	187.725	exposed	1
DiPalma-Lally-Andrews_Complete-Recording_11-10-77	189.505	189.725	et	1
DiPalma-Lally-Andrews_Complete-Recording_11-10-77	189.725	189.885	cetera	1
DiPalma-Lally-Andrews_Complete-Recording_11-10-77	189.885	190.085	but	1
DiPalma-Lally-Andrews_Complete-Recording_11-10-77	190.085	190.285	not	1
DiPalma-Lally-Andrews_Complete-Recording_11-10-77	190.345	190.765	O'Hara	1
DiPalma-Lally-Andrews_Complete-Recording_11-10-77	190.825	191.045	His	1
DiPalma-Lally-Andrews_Complete-Recording_11-10-77	191.045	191.565	defenses	1
DiPalma-Lally-Andrews_Complete-Recording_11-10-77	191.565	191.725	were	1
DiPalma-Lally-Andrews_Complete-Recording_11-10-77	191.725	191.845	the	1
DiPalma-Lally-Andrews_Complete-Recording_11-10-77	191.845	192.205	shrews	1
DiPalma-Lally-Andrews_Complete-Recording_11-10-77	192.205	192.405	and	1
DiPalma-Lally-Andrews_Complete-Recording_11-10-77	192.565	192.725	toughest	1
DiPalma-Lally-Andrews_Complete-Recording_11-10-77	192.725	192.885	of	1
DiPalma-Lally-Andrews_Complete-Recording_11-10-77	192.885	193.045	all	1
DiPalma-Lally-Andrews_Complete-Recording_11-10-77	193.045	193.245	because	1
DiPalma-Lally-Andrews_Complete-Recording_11-10-77	193.245	193.405	they	1
DiPalma-Lally-Andrews_Complete-Recording_11-10-77	193.405	193.645	weren't	1
DiPalma-Lally-Andrews_Complete-Recording_11-10-77	193.645	194.085	defensive	1
DiPalma-Lally-Andrews_Complete-Recording_11-10-77	194.085	194.205	at	1
DiPalma-Lally-Andrews_Complete-Recording_11-10-77	194.205	194.285	all	1
DiPalma-Lally-Andrews_Complete-Recording_11-10-77	194.305	194.525	but	1
DiPalma-Lally-Andrews_Complete-Recording_11-10-77	194.725	194.845	appeared	1
DiPalma-Lally-Andrews_Complete-Recording_11-10-77	194.845	194.925	to	1
DiPalma-Lally-Andrews_Complete-Recording_11-10-77	194.925	195.005	be	1
DiPalma-Lally-Andrews_Complete-Recording_11-10-77	195.005	195.205	all	1
DiPalma-Lally-Andrews_Complete-Recording_11-10-77	195.205	195.725	offensive	1
DiPalma-Lally-Andrews_Complete-Recording_11-10-77	195.835	196.125	Only	1
DiPalma-Lally-Andrews_Complete-Recording_11-10-77	196.145	196.365	the	1
DiPalma-Lally-Andrews_Complete-Recording_11-10-77	196.365	196.765	offensive	1
DiPalma-Lally-Andrews_Complete-Recording_11-10-77	196.865	197.085	was	1
DiPalma-Lally-Andrews_Complete-Recording_11-10-77	197.085	197.485	mounted	1
DiPalma-Lally-Andrews_Complete-Recording_11-10-77	197.605	197.845	against	1
DiPalma-Lally-Andrews_Complete-Recording_11-10-77	197.865	198.085	his	1
DiPalma-Lally-Andrews_Complete-Recording_11-10-77	198.085	198.285	own	1
DiPalma-Lally-Andrews_Complete-Recording_11-10-77	198.345	198.565	and	1
DiPalma-Lally-Andrews_Complete-Recording_11-10-77	198.565	198.885	others'	1
DiPalma-Lally-Andrews_Complete-Recording_11-10-77	198.885	199.605	defensiveness	1
DiPalma-Lally-Andrews_Complete-Recording_11-10-77	199.675	199.965	Thus	1
DiPalma-Lally-Andrews_Complete-Recording_11-10-77	199.965	200.165	he	1
DiPalma-Lally-Andrews_Complete-Recording_11-10-77	200.165	200.285	could	1
DiPalma-Lally-Andrews_Complete-Recording_11-10-77	200.285	200.445	be	1
DiPalma-Lally-Andrews_Complete-Recording_11-10-77	200.605	200.725	attacked	1
DiPalma-Lally-Andrews_Complete-Recording_11-10-77	200.725	200.925	for	1
DiPalma-Lally-Andrews_Complete-Recording_11-10-77	200.925	201.165	leaders	1
DiPalma-Lally-Andrews_Complete-Recording_11-10-77	201.185	201.405	and	1
DiPalma-Lally-Andrews_Complete-Recording_11-10-77	201.405	201.605	when	1
DiPalma-Lally-Andrews_Complete-Recording_11-10-77	201.605	201.725	in	1
DiPalma-Lally-Andrews_Complete-Recording_11-10-77	201.725	201.885	fact	1
DiPalma-Lally-Andrews_Complete-Recording_11-10-77	201.915	202.205	he's	1
DiPalma-Lally-Andrews_Complete-Recording_11-10-77	202.205	202.285	our	1
DiPalma-Lally-Andrews_Complete-Recording_11-10-77	202.285	202.445	most	1
DiPalma-Lally-Andrews_Complete-Recording_11-10-77	202.445	202.925	democratic	1
DiPalma-Lally-Andrews_Complete-Recording_11-10-77	202.925	203.205	poet	1
DiPalma-Lally-Andrews_Complete-Recording_11-10-77	203.205	203.525	Since	1
DiPalma-Lally-Andrews_Complete-Recording_11-10-77	203.525	204.005	Whitman	1
DiPalma-Lally-Andrews_Complete-Recording_11-10-77	204.925	205.045	bringing	1
DiPalma-Lally-Andrews_Complete-Recording_11-10-77	205.045	205.285	that	1
DiPalma-Lally-Andrews_Complete-Recording_11-10-77	205.285	205.765	tradition	1
DiPalma-Lally-Andrews_Complete-Recording_11-10-77	205.765	206.005	full	1
DiPalma-Lally-Andrews_Complete-Recording_11-10-77	206.005	206.245	circle	1
DiPalma-Lally-Andrews_Complete-Recording_11-10-77	206.345	206.565	by	1
DiPalma-Lally-Andrews_Complete-Recording_11-10-77	206.565	207.005	reversing	1
DiPalma-Lally-Andrews_Complete-Recording_11-10-77	207.005	207.485	Whitman's	1
DiPalma-Lally-Andrews_Complete-Recording_11-10-77	207.485	207.805	posing	1
DiPalma-Lally-Andrews_Complete-Recording_11-10-77	207.805	207.925	as	1
DiPalma-Lally-Andrews_Complete-Recording_11-10-77	207.925	208.085	the	1
DiPalma-Lally-Andrews_Complete-Recording_11-10-77	208.085	208.285	common	1
DiPalma-Lally-Andrews_Complete-Recording_11-10-77	208.345	208.565	man	1
DiPalma-Lally-Andrews_Complete-Recording_11-10-77	208.565	208.845	brother	1
DiPalma-Lally-Andrews_Complete-Recording_11-10-77	208.845	209.045	to	1
DiPalma-Lally-Andrews_Complete-Recording_11-10-77	209.045	209.245	all	1
DiPalma-Lally-Andrews_Complete-Recording_11-10-77	209.245	209.445	which	1
DiPalma-Lally-Andrews_Complete-Recording_11-10-77	209.445	209.765	reduced	1
DiPalma-Lally-Andrews_Complete-Recording_11-10-77	210.005	210.165	everyone	1
DiPalma-Lally-Andrews_Complete-Recording_11-10-77	210.165	210.285	to	1
DiPalma-Lally-Andrews_Complete-Recording_11-10-77	210.285	210.405	the	1
DiPalma-Lally-Andrews_Complete-Recording_11-10-77	210.405	210.525	level	1
DiPalma-Lally-Andrews_Complete-Recording_11-10-77	210.525	210.725	of	1
DiPalma-Lally-Andrews_Complete-Recording_11-10-77	210.725	211.285	anonymity	1
DiPalma-Lally-Andrews_Complete-Recording_11-10-77	211.285	211.365	that	1
DiPalma-Lally-Andrews_Complete-Recording_11-10-77	211.365	211.805	Whitman's	1
DiPalma-Lally-Andrews_Complete-Recording_11-10-77	211.805	212.125	poems	1
DiPalma-Lally-Andrews_Complete-Recording_11-10-77	212.125	212.485	ensured	1
DiPalma-Lally-Andrews_Complete-Recording_11-10-77	212.485	212.605	would	1
DiPalma-Lally-Andrews_Complete-Recording_11-10-77	212.605	212.765	never	1
DiPalma-Lally-Andrews_Complete-Recording_11-10-77	212.765	212.965	really	1
DiPalma-Lally-Andrews_Complete-Recording_11-10-77	212.965	213.125	be	1
DiPalma-Lally-Andrews_Complete-Recording_11-10-77	213.145	213.365	his	1
DiPalma-Lally-Andrews_Complete-Recording_11-10-77	213.605	213.725	F	1
DiPalma-Lally-Andrews_Complete-Recording_11-10-77	213.725	213.925	so	1
DiPalma-Lally-Andrews_Complete-Recording_11-10-77	213.925	214.005	he	1
DiPalma-Lally-Andrews_Complete-Recording_11-10-77	214.005	214.125	could	1
DiPalma-Lally-Andrews_Complete-Recording_11-10-77	214.125	214.445	afford	1
DiPalma-Lally-Andrews_Complete-Recording_11-10-77	214.445	214.605	it	1
DiPalma-Lally-Andrews_Complete-Recording_11-10-77	215.545	215.765	I'm	1
DiPalma-Lally-Andrews_Complete-Recording_11-10-77	215.765	215.925	talking	1
DiPalma-Lally-Andrews_Complete-Recording_11-10-77	216.005	216.285	about	1
DiPalma-Lally-Andrews_Complete-Recording_11-10-77	216.285	216.445	the	1
DiPalma-Lally-Andrews_Complete-Recording_11-10-77	216.605	216.685	pose	1
DiPalma-Lally-Andrews_Complete-Recording_11-10-77	216.685	216.965	which	1
DiPalma-Lally-Andrews_Complete-Recording_11-10-77	216.965	217.245	perhaps	1
DiPalma-Lally-Andrews_Complete-Recording_11-10-77	217.245	217.605	became	1
DiPalma-Lally-Andrews_Complete-Recording_11-10-77	217.645	217.765	a	1
DiPalma-Lally-Andrews_Complete-Recording_11-10-77	217.765	218.085	reality	1
DiPalma-Lally-Andrews_Complete-Recording_11-10-77	218.085	218.365	much	1
DiPalma-Lally-Andrews_Complete-Recording_11-10-77	218.365	218.485	the	1
DiPalma-Lally-Andrews_Complete-Recording_11-10-77	218.485	218.645	way	1
DiPalma-Lally-Andrews_Complete-Recording_11-10-77	218.765	219.085	Ginsburg	1
DiPalma-Lally-Andrews_Complete-Recording_11-10-77	219.085	219.405	seems	1
DiPalma-Lally-Andrews_Complete-Recording_11-10-77	219.405	219.565	to	1
DiPalma-Lally-Andrews_Complete-Recording_11-10-77	219.565	219.685	have	1
DiPalma-Lally-Andrews_Complete-Recording_11-10-77	219.705	219.925	but	1
DiPalma-Lally-Andrews_Complete-Recording_11-10-77	219.925	220.085	which	1
DiPalma-Lally-Andrews_Complete-Recording_11-10-77	220.085	220.245	is	1
DiPalma-Lally-Andrews_Complete-Recording_11-10-77	220.245	220.365	not	1
DiPalma-Lally-Andrews_Complete-Recording_11-10-77	220.365	220.485	the	1
DiPalma-Lally-Andrews_Complete-Recording_11-10-77	220.485	220.685	poetry	1
DiPalma-Lally-Andrews_Complete-Recording_11-10-77	220.685	221.085	because	1
DiPalma-Lally-Andrews_Complete-Recording_11-10-77	221.085	221.645	Whitman's	1
DiPalma-Lally-Andrews_Complete-Recording_11-10-77	221.645	221.805	poetry	1
DiPalma-Lally-Andrews_Complete-Recording_11-10-77	221.905	222.125	is	1
DiPalma-Lally-Andrews_Complete-Recording_11-10-77	222.125	222.285	often	1
DiPalma-Lally-Andrews_Complete-Recording_11-10-77	222.285	222.765	wonderful	1
DiPalma-Lally-Andrews_Complete-Recording_11-10-77	222.765	222.925	and	1
DiPalma-Lally-Andrews_Complete-Recording_11-10-77	222.925	223.245	amazing	1
DiPalma-Lally-Andrews_Complete-Recording_11-10-77	223.665	223.885	and	1
DiPalma-Lally-Andrews_Complete-Recording_11-10-77	223.885	224.125	very	1
DiPalma-Lally-Andrews_Complete-Recording_11-10-77	224.125	224.285	much	1
DiPalma-Lally-Andrews_Complete-Recording_11-10-77	224.285	224.525	more	1
DiPalma-Lally-Andrews_Complete-Recording_11-10-77	224.525	224.685	the	1
DiPalma-Lally-Andrews_Complete-Recording_11-10-77	224.685	224.885	source	1
DiPalma-Lally-Andrews_Complete-Recording_11-10-77	224.905	225.125	of	1
DiPalma-Lally-Andrews_Complete-Recording_11-10-77	225.125	225.285	much	1
DiPalma-Lally-Andrews_Complete-Recording_11-10-77	225.285	225.485	that	1
DiPalma-Lally-Andrews_Complete-Recording_11-10-77	225.485	225.645	is	1
DiPalma-Lally-Andrews_Complete-Recording_11-10-77	225.645	226.125	associated	1
DiPalma-Lally-Andrews_Complete-Recording_11-10-77	226.125	226.285	with	1
DiPalma-Lally-Andrews_Complete-Recording_11-10-77	226.305	226.725	O'Hara	1
DiPalma-Lally-Andrews_Complete-Recording_11-10-77	226.725	226.805	and	1
DiPalma-Lally-Andrews_Complete-Recording_11-10-77	226.805	226.925	the	1
DiPalma-Lally-Andrews_Complete-Recording_11-10-77	226.925	227.285	New York	1
DiPalma-Lally-Andrews_Complete-Recording_11-10-77	227.285	227.525	School	1
DiPalma-Lally-Andrews_Complete-Recording_11-10-77	227.525	227.725	than	1
DiPalma-Lally-Andrews_Complete-Recording_11-10-77	227.725	227.885	many	1
DiPalma-Lally-Andrews_Complete-Recording_11-10-77	227.885	228.045	of	1
DiPalma-Lally-Andrews_Complete-Recording_11-10-77	228.045	228.165	the	1
DiPalma-Lally-Andrews_Complete-Recording_11-10-77	228.165	228.365	French	1
DiPalma-Lally-Andrews_Complete-Recording_11-10-77	228.365	228.605	writers	1
DiPalma-Lally-Andrews_Complete-Recording_11-10-77	228.605	229.125	constantly	1
DiPalma-Lally-Andrews_Complete-Recording_11-10-77	229.125	229.525	attributed	1
DiPalma-Lally-Andrews_Complete-Recording_11-10-77	229.525	229.725	with	1
DiPalma-Lally-Andrews_Complete-Recording_11-10-77	229.725	229.885	having	1
DiPalma-Lally-Andrews_Complete-Recording_11-10-77	229.885	230.245	influence	1
DiPalma-Lally-Andrews_Complete-Recording_11-10-77	230.245	230.445	The	1
DiPalma-Lally-Andrews_Complete-Recording_11-10-77	230.445	230.685	New York	1
DiPalma-Lally-Andrews_Complete-Recording_11-10-77	230.685	230.925	scene	1
DiPalma-Lally-Andrews_Complete-Recording_11-10-77	232.045	232.165	although	1
DiPalma-Lally-Andrews_Complete-Recording_11-10-77	232.265	232.685	O'Hara	1
DiPalma-Lally-Andrews_Complete-Recording_11-10-77	232.685	232.805	is	1
DiPalma-Lally-Andrews_Complete-Recording_11-10-77	232.805	233.085	also	1
DiPalma-Lally-Andrews_Complete-Recording_11-10-77	233.085	233.365	sort	1
DiPalma-Lally-Andrews_Complete-Recording_11-10-77	233.365	233.445	of	1
DiPalma-Lally-Andrews_Complete-Recording_11-10-77	233.485	233.605	a	1
DiPalma-Lally-Andrews_Complete-Recording_11-10-77	233.605	233.765	bud	1
DiPalma-Lally-Andrews_Complete-Recording_11-10-77	234.185	234.405	er	1
DiPalma-Lally-Andrews_Complete-Recording_11-10-77	234.405	234.885	reverse	1
DiPalma-Lally-Andrews_Complete-Recording_11-10-77	234.885	235.245	making	1
DiPalma-Lally-Andrews_Complete-Recording_11-10-77	235.325	235.525	the	1
DiPalma-Lally-Andrews_Complete-Recording_11-10-77	235.525	235.645	most	1
DiPalma-Lally-Andrews_Complete-Recording_11-10-77	235.645	235.845	of	1
DiPalma-Lally-Andrews_Complete-Recording_11-10-77	235.845	235.965	the	1
DiPalma-Lally-Andrews_Complete-Recording_11-10-77	235.965	236.165	worst	1
DiPalma-Lally-Andrews_Complete-Recording_11-10-77	236.165	236.365	of	1
DiPalma-Lally-Andrews_Complete-Recording_11-10-77	236.375	236.725	Bodel	1
DiPalma-Lally-Andrews_Complete-Recording_11-10-77	236.725	237.045	air's	1
DiPalma-Lally-Andrews_Complete-Recording_11-10-77	237.045	237.565	pessimistic	1
DiPalma-Lally-Andrews_Complete-Recording_11-10-77	237.565	238.085	predictions	1
DiPalma-Lally-Andrews_Complete-Recording_11-10-77	238.085	238.325	about	1
DiPalma-Lally-Andrews_Complete-Recording_11-10-77	238.325	238.525	urban	1
DiPalma-Lally-Andrews_Complete-Recording_11-10-77	238.525	239.125	existence	1
DiPalma-Lally-Andrews_Complete-Recording_11-10-77	239.145	239.365	by	1
DiPalma-Lally-Andrews_Complete-Recording_11-10-77	239.365	239.805	preserving	1
DiPalma-Lally-Andrews_Complete-Recording_11-10-77	239.805	239.965	the	1
DiPalma-Lally-Andrews_Complete-Recording_11-10-77	239.965	240.125	best	1
DiPalma-Lally-Andrews_Complete-Recording_11-10-77	240.125	240.325	of	1
DiPalma-Lally-Andrews_Complete-Recording_11-10-77	240.325	240.845	perceptions	1
DiPalma-Lally-Andrews_Complete-Recording_11-10-77	240.865	241.085	and	1
DiPalma-Lally-Andrews_Complete-Recording_11-10-77	241.085	241.725	emotionalism	1
DiPalma-Lally-Andrews_Complete-Recording_11-10-77	241.825	242.045	the	1
DiPalma-Lally-Andrews_Complete-Recording_11-10-77	242.045	242.245	city	1
DiPalma-Lally-Andrews_Complete-Recording_11-10-77	242.275	242.565	seen	1
DiPalma-Lally-Andrews_Complete-Recording_11-10-77	242.585	242.805	can	1
DiPalma-Lally-Andrews_Complete-Recording_11-10-77	243.005	243.045	generate	1
DiPalma-Lally-Andrews_Complete-Recording_11-10-77	243.305	243.525	But	1
DiPalma-Lally-Andrews_Complete-Recording_11-10-77	243.525	243.885	instead	1
DiPalma-Lally-Andrews_Complete-Recording_11-10-77	243.945	244.365	O'Hara	1
DiPalma-Lally-Andrews_Complete-Recording_11-10-77	244.365	244.805	elevates	1
DiPalma-Lally-Andrews_Complete-Recording_11-10-77	245.005	245.125	everyone	1
DiPalma-Lally-Andrews_Complete-Recording_11-10-77	245.125	245.325	to	1
DiPalma-Lally-Andrews_Complete-Recording_11-10-77	245.325	245.445	the	1
DiPalma-Lally-Andrews_Complete-Recording_11-10-77	245.445	245.565	level	1
DiPalma-Lally-Andrews_Complete-Recording_11-10-77	245.585	245.805	and	1
DiPalma-Lally-Andrews_Complete-Recording_11-10-77	245.805	246.245	attentive	1
DiPalma-Lally-Andrews_Complete-Recording_11-10-77	246.445	246.845	familiarity	1
DiPalma-Lally-Andrews_Complete-Recording_11-10-77	246.845	247.045	of	1
DiPalma-Lally-Andrews_Complete-Recording_11-10-77	247.045	247.365	stars	1
DiPalma-Lally-Andrews_Complete-Recording_11-10-77	248.205	248.325	throwing	1
DiPalma-Lally-Andrews_Complete-Recording_11-10-77	248.325	248.525	in	1
DiPalma-Lally-Andrews_Complete-Recording_11-10-77	248.525	248.605	the	1
DiPalma-Lally-Andrews_Complete-Recording_11-10-77	248.605	248.725	names	1
DiPalma-Lally-Andrews_Complete-Recording_11-10-77	248.725	248.885	of	1
DiPalma-Lally-Andrews_Complete-Recording_11-10-77	249.165	249.325	personal	1
DiPalma-Lally-Andrews_Complete-Recording_11-10-77	249.325	249.565	friends	1
DiPalma-Lally-Andrews_Complete-Recording_11-10-77	249.565	250.165	alongside	1
DiPalma-Lally-Andrews_Complete-Recording_11-10-77	250.165	250.405	those	1
DiPalma-Lally-Andrews_Complete-Recording_11-10-77	250.405	250.565	of	1
DiPalma-Lally-Andrews_Complete-Recording_11-10-77	250.885	251.045	personal	1
DiPalma-Lally-Andrews_Complete-Recording_11-10-77	251.105	251.525	heroes	1
DiPalma-Lally-Andrews_Complete-Recording_11-10-77	251.545	251.765	and	1
DiPalma-Lally-Andrews_Complete-Recording_11-10-77	251.765	252.005	famous	1
DiPalma-Lally-Andrews_Complete-Recording_11-10-77	252.105	252.325	and	1
DiPalma-Lally-Andrews_Complete-Recording_11-10-77	252.325	252.565	world	1
DiPalma-Lally-Andrews_Complete-Recording_11-10-77	252.725	252.925	renowned	1
DiPalma-Lally-Andrews_Complete-Recording_11-10-77	253.205	253.445	producers	1
DiPalma-Lally-Andrews_Complete-Recording_11-10-77	253.445	253.605	and	1
DiPalma-Lally-Andrews_Complete-Recording_11-10-77	253.765	253.885	creators	1
DiPalma-Lally-Andrews_Complete-Recording_11-10-77	253.905	254.125	of	1
DiPalma-Lally-Andrews_Complete-Recording_11-10-77	254.125	254.285	the	1
DiPalma-Lally-Andrews_Complete-Recording_11-10-77	254.285	254.445	culture	1
DiPalma-Lally-Andrews_Complete-Recording_11-10-77	254.875	255.165	that	1
DiPalma-Lally-Andrews_Complete-Recording_11-10-77	255.165	255.365	has	1
DiPalma-Lally-Andrews_Complete-Recording_11-10-77	255.365	255.525	come	1
DiPalma-Lally-Andrews_Complete-Recording_11-10-77	255.525	255.645	to	1
DiPalma-Lally-Andrews_Complete-Recording_11-10-77	255.645	255.765	be	1
DiPalma-Lally-Andrews_Complete-Recording_11-10-77	255.795	256.085	ours	1
DiPalma-Lally-Andrews_Complete-Recording_11-10-77	256.085	256.205	in	1
DiPalma-Lally-Andrews_Complete-Recording_11-10-77	256.205	256.365	which	1
DiPalma-Lally-Andrews_Complete-Recording_11-10-77	256.365	256.565	he	1
DiPalma-Lally-Andrews_Complete-Recording_11-10-77	256.565	256.885	defined	1
DiPalma-Lally-Andrews_Complete-Recording_11-10-77	256.885	257.245	before	1
DiPalma-Lally-Andrews_Complete-Recording_11-10-77	257.245	257.445	most	1
DiPalma-Lally-Andrews_Complete-Recording_11-10-77	257.445	257.565	of	1
DiPalma-Lally-Andrews_Complete-Recording_11-10-77	257.565	257.685	us	1
DiPalma-Lally-Andrews_Complete-Recording_11-10-77	257.685	257.885	and	1
DiPalma-Lally-Andrews_Complete-Recording_11-10-77	257.885	258.045	with	1
DiPalma-Lally-Andrews_Complete-Recording_11-10-77	258.045	258.165	the	1
DiPalma-Lally-Andrews_Complete-Recording_11-10-77	258.165	258.365	clarity	1
DiPalma-Lally-Andrews_Complete-Recording_11-10-77	258.425	258.645	of	1
DiPalma-Lally-Andrews_Complete-Recording_11-10-77	258.645	258.725	the	1
DiPalma-Lally-Andrews_Complete-Recording_11-10-77	258.845	259.085	lyrics	1
DiPalma-Lally-Andrews_Complete-Recording_11-10-77	259.085	259.165	of	1
DiPalma-Lally-Andrews_Complete-Recording_11-10-77	259.165	259.285	a	1
DiPalma-Lally-Andrews_Complete-Recording_11-10-77	259.285	259.645	Hollywood	1
DiPalma-Lally-Andrews_Complete-Recording_11-10-77	259.645	259.885	musical	1
DiPalma-Lally-Andrews_Complete-Recording_11-10-77	259.945	260.165	or	1
DiPalma-Lally-Andrews_Complete-Recording_11-10-77	260.165	260.285	a	1
DiPalma-Lally-Andrews_Complete-Recording_11-10-77	260.285	260.445	Madison	1
DiPalma-Lally-Andrews_Complete-Recording_11-10-77	260.445	260.845	Avenue	1
DiPalma-Lally-Andrews_Complete-Recording_11-10-77	261.105	261.325	ad	1
DiPalma-Lally-Andrews_Complete-Recording_11-10-77	261.745	261.965	Yet	1
DiPalma-Lally-Andrews_Complete-Recording_11-10-77	261.965	262.125	with	1
DiPalma-Lally-Andrews_Complete-Recording_11-10-77	262.125	262.285	all	1
DiPalma-Lally-Andrews_Complete-Recording_11-10-77	262.285	262.405	the	1
DiPalma-Lally-Andrews_Complete-Recording_11-10-77	262.405	262.805	subtlety	1
DiPalma-Lally-Andrews_Complete-Recording_11-10-77	262.805	262.965	and	1
DiPalma-Lally-Andrews_Complete-Recording_11-10-77	262.965	263.525	imaginative	1
DiPalma-Lally-Andrews_Complete-Recording_11-10-77	263.535	264.205	exuberance	1
DiPalma-Lally-Andrews_Complete-Recording_11-10-77	264.205	264.365	of	1
DiPalma-Lally-Andrews_Complete-Recording_11-10-77	264.405	264.525	a	1
DiPalma-Lally-Andrews_Complete-Recording_11-10-77	264.525	264.685	great	1
DiPalma-Lally-Andrews_Complete-Recording_11-10-77	264.785	265.005	wit	1
DiPalma-Lally-Andrews_Complete-Recording_11-10-77	265.005	265.165	and	1
DiPalma-Lally-Andrews_Complete-Recording_11-10-77	265.165	265.645	passionate	1
DiPalma-Lally-Andrews_Complete-Recording_11-10-77	265.735	266.085	lover	1
DiPalma-Lally-Andrews_Complete-Recording_11-10-77	266.475	266.765	what	1
DiPalma-Lally-Andrews_Complete-Recording_11-10-77	266.765	266.925	an	1
DiPalma-Lally-Andrews_Complete-Recording_11-10-77	266.925	267.205	incredibly	1
DiPalma-Lally-Andrews_Complete-Recording_11-10-77	267.525	267.845	seductive	1
DiPalma-Lally-Andrews_Complete-Recording_11-10-77	267.845	268.365	combination	1
DiPalma-Lally-Andrews_Complete-Recording_11-10-77	268.365	268.525	for	1
DiPalma-Lally-Andrews_Complete-Recording_11-10-77	268.605	268.725	a	1
DiPalma-Lally-Andrews_Complete-Recording_11-10-77	268.725	269.005	poet	1
DiPalma-Lally-Andrews_Complete-Recording_11-10-77	269.425	269.645	His	1
DiPalma-Lally-Andrews_Complete-Recording_11-10-77	269.775	270.125	poems	1
DiPalma-Lally-Andrews_Complete-Recording_11-10-77	270.125	270.325	are	1
DiPalma-Lally-Andrews_Complete-Recording_11-10-77	270.395	270.685	sexy	1
DiPalma-Lally-Andrews_Complete-Recording_11-10-77	271.185	271.405	the	1
DiPalma-Lally-Andrews_Complete-Recording_11-10-77	271.565	271.685	language	1
DiPalma-Lally-Andrews_Complete-Recording_11-10-77	271.845	272.005	is	1
DiPalma-Lally-Andrews_Complete-Recording_11-10-77	272.005	272.205	often	1
DiPalma-Lally-Andrews_Complete-Recording_11-10-77	272.485	272.645	intimate	1
DiPalma-Lally-Andrews_Complete-Recording_11-10-77	272.645	272.805	the	1
DiPalma-Lally-Andrews_Complete-Recording_11-10-77	272.805	273.045	image	1
DiPalma-Lally-Andrews_Complete-Recording_11-10-77	273.045	273.205	is	1
DiPalma-Lally-Andrews_Complete-Recording_11-10-77	273.405	273.765	voluptuous	1
DiPalma-Lally-Andrews_Complete-Recording_11-10-77	273.765	273.965	and	1
DiPalma-Lally-Andrews_Complete-Recording_11-10-77	273.965	274.165	often	1
DiPalma-Lally-Andrews_Complete-Recording_11-10-77	274.165	274.525	exotic	1
DiPalma-Lally-Andrews_Complete-Recording_11-10-77	274.585	274.805	The	1
DiPalma-Lally-Andrews_Complete-Recording_11-10-77	274.805	275.085	energy	1
DiPalma-Lally-Andrews_Complete-Recording_11-10-77	275.365	275.485	seemingly	1
DiPalma-Lally-Andrews_Complete-Recording_11-10-77	275.485	275.925	endless	1
DiPalma-Lally-Andrews_Complete-Recording_11-10-77	275.925	276.125	and	1
DiPalma-Lally-Andrews_Complete-Recording_11-10-77	276.125	276.245	the	1
DiPalma-Lally-Andrews_Complete-Recording_11-10-77	276.245	276.365	point	1
DiPalma-Lally-Andrews_Complete-Recording_11-10-77	276.365	276.685	usually	1
DiPalma-Lally-Andrews_Complete-Recording_11-10-77	276.735	277.405	reassuring	1
DiPalma-Lally-Andrews_Complete-Recording_11-10-77	277.405	277.525	and	1
DiPalma-Lally-Andrews_Complete-Recording_11-10-77	277.525	277.965	flattering	1
DiPalma-Lally-Andrews_Complete-Recording_11-10-77	277.965	278.085	and	1
DiPalma-Lally-Andrews_Complete-Recording_11-10-77	278.085	278.245	with	1
DiPalma-Lally-Andrews_Complete-Recording_11-10-77	278.245	278.405	just	1
DiPalma-Lally-Andrews_Complete-Recording_11-10-77	278.405	278.645	enough	1
DiPalma-Lally-Andrews_Complete-Recording_11-10-77	278.645	279.125	elusive	1
DiPalma-Lally-Andrews_Complete-Recording_11-10-77	279.125	279.525	connections	1
DiPalma-Lally-Andrews_Complete-Recording_11-10-77	279.525	279.725	to	1
DiPalma-Lally-Andrews_Complete-Recording_11-10-77	279.725	279.845	make	1
DiPalma-Lally-Andrews_Complete-Recording_11-10-77	279.845	279.965	us	1
DiPalma-Lally-Andrews_Complete-Recording_11-10-77	279.965	280.205	want	1
DiPalma-Lally-Andrews_Complete-Recording_11-10-77	280.205	280.285	to	1
DiPalma-Lally-Andrews_Complete-Recording_11-10-77	280.285	280.445	put	1
DiPalma-Lally-Andrews_Complete-Recording_11-10-77	280.445	280.605	out	1
DiPalma-Lally-Andrews_Complete-Recording_11-10-77	280.605	280.725	the	1
DiPalma-Lally-Andrews_Complete-Recording_11-10-77	280.725	280.845	time	1
DiPalma-Lally-Andrews_Complete-Recording_11-10-77	280.845	281.045	and	1
DiPalma-Lally-Andrews_Complete-Recording_11-10-77	281.045	281.285	energy	1
DiPalma-Lally-Andrews_Complete-Recording_11-10-77	281.285	281.485	to	1
DiPalma-Lally-Andrews_Complete-Recording_11-10-77	281.485	281.645	make	1
DiPalma-Lally-Andrews_Complete-Recording_11-10-77	281.645	282.005	ourselves	1
DiPalma-Lally-Andrews_Complete-Recording_11-10-77	282.025	282.245	as	1
DiPalma-Lally-Andrews_Complete-Recording_11-10-77	282.245	282.765	attractively	1
DiPalma-Lally-Andrews_Complete-Recording_11-10-77	282.765	283.285	intelligent	1
DiPalma-Lally-Andrews_Complete-Recording_11-10-77	283.625	283.845	and	1
DiPalma-Lally-Andrews_Complete-Recording_11-10-77	283.845	284.365	perceptive	1
DiPalma-Lally-Andrews_Complete-Recording_11-10-77	284.365	284.565	and	1
DiPalma-Lally-Andrews_Complete-Recording_11-10-77	284.565	285.045	experienced	1
DiPalma-Lally-Andrews_Complete-Recording_11-10-77	285.045	285.245	and	1
DiPalma-Lally-Andrews_Complete-Recording_11-10-77	285.245	285.365	in	1
DiPalma-Lally-Andrews_Complete-Recording_11-10-77	285.365	285.485	the	1
DiPalma-Lally-Andrews_Complete-Recording_11-10-77	285.485	285.605	know	1
DiPalma-Lally-Andrews_Complete-Recording_11-10-77	285.605	285.805	as	1
DiPalma-Lally-Andrews_Complete-Recording_11-10-77	285.805	285.925	the	1
DiPalma-Lally-Andrews_Complete-Recording_11-10-77	285.925	286.205	poems	1
DiPalma-Lally-Andrews_Complete-Recording_11-10-77	286.205	286.405	assume	1
DiPalma-Lally-Andrews_Complete-Recording_11-10-77	286.405	286.565	we	1
DiPalma-Lally-Andrews_Complete-Recording_11-10-77	286.565	286.685	are	1
DiPalma-Lally-Andrews_Complete-Recording_11-10-77	288.065	288.285	He	1
DiPalma-Lally-Andrews_Complete-Recording_11-10-77	288.285	288.725	refused	1
DiPalma-Lally-Andrews_Complete-Recording_11-10-77	288.725	288.885	to	1
DiPalma-Lally-Andrews_Complete-Recording_11-10-77	288.885	289.245	accept	1
DiPalma-Lally-Andrews_Complete-Recording_11-10-77	289.245	289.365	an	1
DiPalma-Lally-Andrews_Complete-Recording_11-10-77	289.565	289.685	audience	1
DiPalma-Lally-Andrews_Complete-Recording_11-10-77	289.685	289.885	that	1
DiPalma-Lally-Andrews_Complete-Recording_11-10-77	289.885	290.005	was	1
DiPalma-Lally-Andrews_Complete-Recording_11-10-77	290.005	290.125	not	1
DiPalma-Lally-Andrews_Complete-Recording_11-10-77	290.245	290.365	as	1
DiPalma-Lally-Andrews_Complete-Recording_11-10-77	290.365	290.485	good	1
DiPalma-Lally-Andrews_Complete-Recording_11-10-77	290.485	290.645	as	1
DiPalma-Lally-Andrews_Complete-Recording_11-10-77	290.645	290.805	he	1
DiPalma-Lally-Andrews_Complete-Recording_11-10-77	290.805	290.965	was	1
DiPalma-Lally-Andrews_Complete-Recording_11-10-77	291.065	291.285	and	1
DiPalma-Lally-Andrews_Complete-Recording_11-10-77	291.285	291.405	in	1
DiPalma-Lally-Andrews_Complete-Recording_11-10-77	291.405	291.565	that	1
DiPalma-Lally-Andrews_Complete-Recording_11-10-77	291.565	291.765	way	1
DiPalma-Lally-Andrews_Complete-Recording_11-10-77	291.965	292.085	included	1
DiPalma-Lally-Andrews_Complete-Recording_11-10-77	292.105	292.325	us	1
DiPalma-Lally-Andrews_Complete-Recording_11-10-77	292.325	292.525	all	1
DiPalma-Lally-Andrews_Complete-Recording_11-10-77	292.525	292.685	in	1
DiPalma-Lally-Andrews_Complete-Recording_11-10-77	292.685	292.765	the	1
DiPalma-Lally-Andrews_Complete-Recording_11-10-77	292.765	293.085	community	1
DiPalma-Lally-Andrews_Complete-Recording_11-10-77	293.085	293.245	of	1
DiPalma-Lally-Andrews_Complete-Recording_11-10-77	293.245	293.445	friends	1
DiPalma-Lally-Andrews_Complete-Recording_11-10-77	293.465	293.685	he	1
DiPalma-Lally-Andrews_Complete-Recording_11-10-77	293.685	294.125	admired	1
DiPalma-Lally-Andrews_Complete-Recording_11-10-77	294.125	294.245	and	1
DiPalma-Lally-Andrews_Complete-Recording_11-10-77	294.245	294.605	addressed	1
DiPalma-Lally-Andrews_Complete-Recording_11-10-77	294.605	294.765	and	1
DiPalma-Lally-Andrews_Complete-Recording_11-10-77	294.965	295.085	referred	1
DiPalma-Lally-Andrews_Complete-Recording_11-10-77	295.085	295.245	to	1
DiPalma-Lally-Andrews_Complete-Recording_11-10-77	295.245	295.525	along	1
DiPalma-Lally-Andrews_Complete-Recording_11-10-77	295.525	295.725	with	1
DiPalma-Lally-Andrews_Complete-Recording_11-10-77	295.725	295.845	the	1
DiPalma-Lally-Andrews_Complete-Recording_11-10-77	295.845	296.005	proper	1
DiPalma-Lally-Andrews_Complete-Recording_11-10-77	296.005	296.285	names	1
DiPalma-Lally-Andrews_Complete-Recording_11-10-77	296.285	296.485	and	1
DiPalma-Lally-Andrews_Complete-Recording_11-10-77	296.685	296.805	familiar	1
DiPalma-Lally-Andrews_Complete-Recording_11-10-77	296.805	297.205	rhythms	1
DiPalma-Lally-Andrews_Complete-Recording_11-10-77	297.205	297.325	of	1
DiPalma-Lally-Andrews_Complete-Recording_11-10-77	297.325	297.445	the	1
DiPalma-Lally-Andrews_Complete-Recording_11-10-77	297.445	297.605	most	1
DiPalma-Lally-Andrews_Complete-Recording_11-10-77	297.845	298.045	ordinary	1
DiPalma-Lally-Andrews_Complete-Recording_11-10-77	298.045	298.365	people	1
DiPalma-Lally-Andrews_Complete-Recording_11-10-77	298.365	298.565	and	1
DiPalma-Lally-Andrews_Complete-Recording_11-10-77	298.565	298.765	things	1
DiPalma-Lally-Andrews_Complete-Recording_11-10-77	299.955	300.175	all	1
DiPalma-Lally-Andrews_Complete-Recording_11-10-77	300.175	300.295	of	1
DiPalma-Lally-Andrews_Complete-Recording_11-10-77	300.295	300.455	which	1
DiPalma-Lally-Andrews_Complete-Recording_11-10-77	300.455	300.655	he	1
DiPalma-Lally-Andrews_Complete-Recording_11-10-77	300.655	301.135	incorporated	1
DiPalma-Lally-Andrews_Complete-Recording_11-10-77	301.135	301.415	into	1
DiPalma-Lally-Andrews_Complete-Recording_11-10-77	301.415	301.895	descriptions	1
DiPalma-Lally-Andrews_Complete-Recording_11-10-77	301.895	302.015	and	1
DiPalma-Lally-Andrews_Complete-Recording_11-10-77	302.015	302.455	narratives	1
DiPalma-Lally-Andrews_Complete-Recording_11-10-77	302.455	302.615	that	1
DiPalma-Lally-Andrews_Complete-Recording_11-10-77	302.775	302.895	included	1
DiPalma-Lally-Andrews_Complete-Recording_11-10-77	302.895	303.095	the	1
DiPalma-Lally-Andrews_Complete-Recording_11-10-77	303.095	303.255	proper	1
DiPalma-Lally-Andrews_Complete-Recording_11-10-77	303.255	303.535	names	1
DiPalma-Lally-Andrews_Complete-Recording_11-10-77	303.535	303.735	and	1
DiPalma-Lally-Andrews_Complete-Recording_11-10-77	303.735	304.015	rhythms	1
DiPalma-Lally-Andrews_Complete-Recording_11-10-77	304.015	304.095	of	1
DiPalma-Lally-Andrews_Complete-Recording_11-10-77	304.095	304.215	the	1
DiPalma-Lally-Andrews_Complete-Recording_11-10-77	304.215	304.335	most	1
DiPalma-Lally-Andrews_Complete-Recording_11-10-77	304.335	304.975	extraordinary	1
DiPalma-Lally-Andrews_Complete-Recording_11-10-77	304.975	305.175	things	1
DiPalma-Lally-Andrews_Complete-Recording_11-10-77	305.195	305.415	The	1
DiPalma-Lally-Andrews_Complete-Recording_11-10-77	305.415	305.495	rest	1
DiPalma-Lally-Andrews_Complete-Recording_11-10-77	305.495	305.615	of	1
DiPalma-Lally-Andrews_Complete-Recording_11-10-77	305.615	305.695	us	1
DiPalma-Lally-Andrews_Complete-Recording_11-10-77	305.695	305.895	are	1
DiPalma-Lally-Andrews_Complete-Recording_11-10-77	305.895	306.055	only	1
DiPalma-Lally-Andrews_Complete-Recording_11-10-77	306.055	306.255	now	1
DiPalma-Lally-Andrews_Complete-Recording_11-10-77	306.265	306.615	years	1
DiPalma-Lally-Andrews_Complete-Recording_11-10-77	306.615	306.855	after	1
DiPalma-Lally-Andrews_Complete-Recording_11-10-77	306.855	307.015	the	1
DiPalma-Lally-Andrews_Complete-Recording_11-10-77	307.015	307.295	poems	1
DiPalma-Lally-Andrews_Complete-Recording_11-10-77	307.295	307.415	were	1
DiPalma-Lally-Andrews_Complete-Recording_11-10-77	307.415	307.615	written	1
DiPalma-Lally-Andrews_Complete-Recording_11-10-77	307.645	308.135	written	1
DiPalma-Lally-Andrews_Complete-Recording_11-10-77	308.405	308.895	getting	1
DiPalma-Lally-Andrews_Complete-Recording_11-10-77	309.075	309.295	hit	1
DiPalma-Lally-Andrews_Complete-Recording_11-10-77	309.295	309.455	to	1
DiPalma-Lally-Andrews_Complete-Recording_11-10-77	309.455	309.615	and	1
DiPalma-Lally-Andrews_Complete-Recording_11-10-77	309.615	309.815	how	1
DiPalma-Lally-Andrews_Complete-Recording_11-10-77	309.815	310.055	well	1
DiPalma-Lally-Andrews_Complete-Recording_11-10-77	310.055	310.255	they	1
DiPalma-Lally-Andrews_Complete-Recording_11-10-77	310.255	310.455	fit	1
DiPalma-Lally-Andrews_Complete-Recording_11-10-77	310.455	310.615	and	1
DiPalma-Lally-Andrews_Complete-Recording_11-10-77	310.615	310.815	work	1
DiPalma-Lally-Andrews_Complete-Recording_11-10-77	310.815	311.015	and	1
DiPalma-Lally-Andrews_Complete-Recording_11-10-77	311.215	311.335	complete	1
DiPalma-Lally-Andrews_Complete-Recording_11-10-77	311.335	311.495	the	1
DiPalma-Lally-Andrews_Complete-Recording_11-10-77	311.495	311.855	artistry	1
DiPalma-Lally-Andrews_Complete-Recording_11-10-77	311.855	311.975	of	1
DiPalma-Lally-Andrews_Complete-Recording_11-10-77	311.975	312.495	O'Hara's	1
DiPalma-Lally-Andrews_Complete-Recording_11-10-77	312.495	312.695	genius	1
DiPalma-Lally-Andrews_Complete-Recording_11-10-77	313.635	313.855	He	1
DiPalma-Lally-Andrews_Complete-Recording_11-10-77	313.855	314.015	helped	1
DiPalma-Lally-Andrews_Complete-Recording_11-10-77	314.015	314.175	me	1
DiPalma-Lally-Andrews_Complete-Recording_11-10-77	314.175	314.495	realize	1
DiPalma-Lally-Andrews_Complete-Recording_11-10-77	314.495	314.735	that	1
DiPalma-Lally-Andrews_Complete-Recording_11-10-77	314.735	314.895	the	1
DiPalma-Lally-Andrews_Complete-Recording_11-10-77	314.895	315.095	reason	1
DiPalma-Lally-Andrews_Complete-Recording_11-10-77	315.375	315.495	I	1
DiPalma-Lally-Andrews_Complete-Recording_11-10-77	315.495	315.735	wrote	1
DiPalma-Lally-Andrews_Complete-Recording_11-10-77	315.825	316.175	poems	1
DiPalma-Lally-Andrews_Complete-Recording_11-10-77	316.195	316.415	was	1
DiPalma-Lally-Andrews_Complete-Recording_11-10-77	316.415	316.575	often	1
DiPalma-Lally-Andrews_Complete-Recording_11-10-77	316.575	316.895	simply	1
DiPalma-Lally-Andrews_Complete-Recording_11-10-77	316.895	317.175	because	1
DiPalma-Lally-Andrews_Complete-Recording_11-10-77	317.195	317.415	the	1
DiPalma-Lally-Andrews_Complete-Recording_11-10-77	317.415	317.615	rush	1
DiPalma-Lally-Andrews_Complete-Recording_11-10-77	317.675	317.895	the	1
DiPalma-Lally-Andrews_Complete-Recording_11-10-77	317.895	318.055	feeling	1
DiPalma-Lally-Andrews_Complete-Recording_11-10-77	318.055	318.295	that	1
DiPalma-Lally-Andrews_Complete-Recording_11-10-77	318.295	318.775	accompanied	1
DiPalma-Lally-Andrews_Complete-Recording_11-10-77	318.775	318.895	the	1
DiPalma-Lally-Andrews_Complete-Recording_11-10-77	318.895	319.095	writing	1
DiPalma-Lally-Andrews_Complete-Recording_11-10-77	319.095	319.295	of	1
DiPalma-Lally-Andrews_Complete-Recording_11-10-77	319.295	319.375	the	1
DiPalma-Lally-Andrews_Complete-Recording_11-10-77	319.375	319.575	poem	1
DiPalma-Lally-Andrews_Complete-Recording_11-10-77	319.575	320.095	especially	1
DiPalma-Lally-Andrews_Complete-Recording_11-10-77	320.095	320.295	when	1
DiPalma-Lally-Andrews_Complete-Recording_11-10-77	320.295	320.415	it	1
DiPalma-Lally-Andrews_Complete-Recording_11-10-77	320.415	320.575	seemed	1
DiPalma-Lally-Andrews_Complete-Recording_11-10-77	320.575	320.695	to	1
DiPalma-Lally-Andrews_Complete-Recording_11-10-77	320.695	320.815	be	1
DiPalma-Lally-Andrews_Complete-Recording_11-10-77	320.815	320.935	coming	1
DiPalma-Lally-Andrews_Complete-Recording_11-10-77	320.955	321.175	out	1
DiPalma-Lally-Andrews_Complete-Recording_11-10-77	321.175	321.375	good	1
DiPalma-Lally-Andrews_Complete-Recording_11-10-77	321.375	321.815	couldn't	1
DiPalma-Lally-Andrews_Complete-Recording_11-10-77	321.815	321.895	be	1
DiPalma-Lally-Andrews_Complete-Recording_11-10-77	321.895	322.335	duplicated	1
DiPalma-Lally-Andrews_Complete-Recording_11-10-77	322.615	322.735	anywhere	1
DiPalma-Lally-Andrews_Complete-Recording_11-10-77	322.735	322.855	else	1
DiPalma-Lally-Andrews_Complete-Recording_11-10-77	323.355	323.575	It	1
DiPalma-Lally-Andrews_Complete-Recording_11-10-77	323.575	323.855	wasn't	1
DiPalma-Lally-Andrews_Complete-Recording_11-10-77	323.855	323.975	a	1
DiPalma-Lally-Andrews_Complete-Recording_11-10-77	323.975	324.375	substitute	1
DiPalma-Lally-Andrews_Complete-Recording_11-10-77	324.375	324.495	for	1
DiPalma-Lally-Andrews_Complete-Recording_11-10-77	324.775	324.855	anything	1
DiPalma-Lally-Andrews_Complete-Recording_11-10-77	324.855	324.975	else	1
DiPalma-Lally-Andrews_Complete-Recording_11-10-77	325.065	325.415	Going	1
DiPalma-Lally-Andrews_Complete-Recording_11-10-77	325.415	325.495	to	1
DiPalma-Lally-Andrews_Complete-Recording_11-10-77	325.515	325.735	bed	1
DiPalma-Lally-Andrews_Complete-Recording_11-10-77	325.735	325.935	with	1
DiPalma-Lally-Andrews_Complete-Recording_11-10-77	325.935	326.135	someone	1
DiPalma-Lally-Andrews_Complete-Recording_11-10-77	326.135	326.655	beautiful	1
DiPalma-Lally-Andrews_Complete-Recording_11-10-77	326.655	326.855	and	1
DiPalma-Lally-Andrews_Complete-Recording_11-10-77	326.855	327.055	tough	1
DiPalma-Lally-Andrews_Complete-Recording_11-10-77	327.075	327.295	or	1
DiPalma-Lally-Andrews_Complete-Recording_11-10-77	327.335	327.495	eating	1
DiPalma-Lally-Andrews_Complete-Recording_11-10-77	327.575	327.695	a	1
DiPalma-Lally-Andrews_Complete-Recording_11-10-77	327.695	328.055	delicious	1
DiPalma-Lally-Andrews_Complete-Recording_11-10-77	328.055	328.215	and	1
DiPalma-Lally-Andrews_Complete-Recording_11-10-77	328.215	328.415	totally	1
DiPalma-Lally-Andrews_Complete-Recording_11-10-77	328.465	329.135	satisfying	1
DiPalma-Lally-Andrews_Complete-Recording_11-10-77	329.135	329.375	meal	1
DiPalma-Lally-Andrews_Complete-Recording_11-10-77	329.375	329.575	or	1
DiPalma-Lally-Andrews_Complete-Recording_11-10-77	329.575	330.095	outwitting	1
DiPalma-Lally-Andrews_Complete-Recording_11-10-77	330.095	330.175	a	1
DiPalma-Lally-Andrews_Complete-Recording_11-10-77	330.175	330.535	horribly	1
DiPalma-Lally-Andrews_Complete-Recording_11-10-77	330.535	330.855	abusive	1
DiPalma-Lally-Andrews_Complete-Recording_11-10-77	330.855	331.535	competitive	1
DiPalma-Lally-Andrews_Complete-Recording_11-10-77	331.535	331.895	cretin	1
DiPalma-Lally-Andrews_Complete-Recording_11-10-77	331.895	332.095	in	1
DiPalma-Lally-Andrews_Complete-Recording_11-10-77	332.095	332.655	conversation	1
DiPalma-Lally-Andrews_Complete-Recording_11-10-77	333.195	333.415	and	1
DiPalma-Lally-Andrews_Complete-Recording_11-10-77	333.415	333.575	it	1
DiPalma-Lally-Andrews_Complete-Recording_11-10-77	333.575	333.855	wasn't	1
DiPalma-Lally-Andrews_Complete-Recording_11-10-77	333.855	333.975	a	1
DiPalma-Lally-Andrews_Complete-Recording_11-10-77	333.975	334.335	grueling	1
DiPalma-Lally-Andrews_Complete-Recording_11-10-77	334.335	334.535	act	1
DiPalma-Lally-Andrews_Complete-Recording_11-10-77	334.535	334.695	of	1
DiPalma-Lally-Andrews_Complete-Recording_11-10-77	334.695	335.055	anguish	1
DiPalma-Lally-Andrews_Complete-Recording_11-10-77	335.055	335.215	and	1
DiPalma-Lally-Andrews_Complete-Recording_11-10-77	335.215	335.415	pain	1
DiPalma-Lally-Andrews_Complete-Recording_11-10-77	335.415	335.735	Getting	1
DiPalma-Lally-Andrews_Complete-Recording_11-10-77	335.735	335.935	in	1
DiPalma-Lally-Andrews_Complete-Recording_11-10-77	335.935	336.055	touch	1
DiPalma-Lally-Andrews_Complete-Recording_11-10-77	336.055	336.255	with	1
DiPalma-Lally-Andrews_Complete-Recording_11-10-77	336.255	336.415	all	1
DiPalma-Lally-Andrews_Complete-Recording_11-10-77	336.415	336.535	the	1
DiPalma-Lally-Andrews_Complete-Recording_11-10-77	336.535	336.775	crab	1
DiPalma-Lally-Andrews_Complete-Recording_11-10-77	336.885	337.375	secrets	1
DiPalma-Lally-Andrews_Complete-Recording_11-10-77	337.375	337.495	of	1
DiPalma-Lally-Andrews_Complete-Recording_11-10-77	337.495	337.615	the	1
DiPalma-Lally-Andrews_Complete-Recording_11-10-77	337.615	337.975	psyche	1
DiPalma-Lally-Andrews_Complete-Recording_11-10-77	337.975	338.135	and	1
DiPalma-Lally-Andrews_Complete-Recording_11-10-77	338.295	338.455	exposing	1
DiPalma-Lally-Andrews_Complete-Recording_11-10-77	338.455	338.655	them	1
DiPalma-Lally-Andrews_Complete-Recording_11-10-77	338.655	338.855	to	1
DiPalma-Lally-Andrews_Complete-Recording_11-10-77	338.855	338.935	the	1
DiPalma-Lally-Andrews_Complete-Recording_11-10-77	338.935	339.095	well	1
DiPalma-Lally-Andrews_Complete-Recording_11-10-77	339.095	339.615	organized	1
DiPalma-Lally-Andrews_Complete-Recording_11-10-77	339.615	339.735	and	1
DiPalma-Lally-Andrews_Complete-Recording_11-10-77	339.735	340.215	systematic	1
DiPalma-Lally-Andrews_Complete-Recording_11-10-77	340.455	340.535	scrutiny	1
DiPalma-Lally-Andrews_Complete-Recording_11-10-77	340.595	340.815	of	1
DiPalma-Lally-Andrews_Complete-Recording_11-10-77	340.815	340.975	some	1
DiPalma-Lally-Andrews_Complete-Recording_11-10-77	340.975	341.335	poetic	1
DiPalma-Lally-Andrews_Complete-Recording_11-10-77	341.335	341.535	form	1
DiPalma-Lally-Andrews_Complete-Recording_11-10-77	341.535	341.735	or	1
DiPalma-Lally-Andrews_Complete-Recording_11-10-77	342.055	342.135	strategy	1
DiPalma-Lally-Andrews_Complete-Recording_11-10-77	342.315	342.535	No	1
